"","Id","Prix","Poids","Couleur","Intensité","Régularité"
"74",74,18.29,0.44,"Jaune",4,1
"103",103,32.61,0.32,"Rouge",5,2
"292",292,70.77,1.51,"Rouge",4,3
"440",440,24.96,0.36,"Bleu",5,3
"472",472,42.07,0.55,"Jaune",5,2
"563",563,72.26,1.5,"Jaune",3,2
"596",596,39.67,0.73,"Jaune",3,2
"603",603,60.55,0.73,"Rouge",5,2
"620",620,49.64,0.74,"Bleu",5,2
"679",679,81.67,1.14,"Jaune",5,3
"716",716,51.98,0.71,"Rouge",5,1
"783",783,60.12,1.32,"Rouge",4,3
"948",948,24.35,0.46,"Rouge",3,1
"1088",1088,58.74,1.05,"Bleu",5,2
"1199",1199,46.17,0.51,"Bleu",3,2
"1254",1254,46.53,0.72,"Rouge",5,3
"1412",1412,37.4,0.43,"Bleu",5,3
"1426",1426,109.58,2.05,"Rouge",5,1
"1453",1453,81.96,1.24,"Bleu",5,1
"1849",1849,49.5,0.41,"Jaune",5,1
"1899",1899,30.52,0.32,"Jaune",4,2
"1914",1914,60.38,0.7,"Rouge",5,3
"2089",2089,64.47,0.9,"Bleu",3,1
"2241",2241,21.57,0.33,"Jaune",5,3
"2288",2288,27.73,0.33,"Jaune",4,1
"2386",2386,71.63,1.07,"Rouge",5,2
"2404",2404,41.99,0.56,"Rouge",5,1
"2445",2445,26.18,0.72,"Bleu",4,1
"2447",2447,65.35,1.01,"Jaune",5,3
"2481",2481,63.33,1.34,"Jaune",4,2
"2498",2498,45.38,1.03,"Bleu",4,1
"2519",2519,37.07,0.35,"Bleu",4,2
"2538",2538,33.45,0.34,"Bleu",5,1
"2631",2631,51.05,1.11,"Rouge",4,1
"2679",2679,57.04,0.92,"Rouge",5,2
"2780",2780,35.56,0.37,"Bleu",5,2
"2786",2786,64.86,1.01,"Bleu",5,3
"2852",2852,39.94,0.39,"Rouge",3,1
"3035",3035,53.17,0.7,"Jaune",5,1
"3327",3327,68.91,1.24,"Bleu",5,3
"3438",3438,89.75,2,"Rouge",4,2
"3492",3492,53.68,0.72,"Jaune",4,1
"3633",3633,52.78,0.59,"Jaune",5,3
"3806",3806,27.63,0.31,"Bleu",5,2
"3823",3823,44.86,0.42,"Bleu",4,2
"3846",3846,70.77,1.83,"Rouge",4,3
"3898",3898,78.8,1.2,"Bleu",5,1
"3958",3958,18.79,0.31,"Rouge",3,2
"3987",3987,53.11,1,"Jaune",3,1
"3994",3994,24.66,0.3,"Rouge",5,2
"4042",4042,45.53,0.54,"Jaune",5,1
"4090",4090,76.13,1.05,"Jaune",5,1
"4104",4104,39.43,0.43,"Jaune",4,3
"4131",4131,23.44,0.3,"Rouge",5,2
"4274",4274,83.58,1.55,"Bleu",5,2
"4290",4290,34.21,0.33,"Bleu",3,1
"4430",4430,37.32,0.78,"Jaune",1,1
"4440",4440,52.76,0.74,"Jaune",3,1
"4451",4451,41.3,0.51,"Jaune",3,1
"4499",4499,59.03,1.51,"Bleu",2,1
"4507",4507,45.26,0.41,"Bleu",5,2
"4519",4519,67.77,1.16,"Jaune",4,2
"4560",4560,84.03,2.01,"Bleu",2,1
"4715",4715,69.08,1.04,"Rouge",5,1
"4739",4739,71.23,1.23,"Bleu",5,2
"4836",4836,44.91,0.55,"Bleu",5,2
"4960",4960,38.73,0.35,"Jaune",5,1
"5072",5072,140.74,2.54,"Rouge",5,1
"5081",5081,64.97,1.09,"Bleu",5,3
"5112",5112,41.08,0.5,"Rouge",3,3
"5162",5162,38.01,0.51,"Bleu",3,2
"5211",5211,28.63,0.5,"Bleu",4,1
"5300",5300,16.59,0.28,"Bleu",3,3
"5331",5331,49.7,0.9,"Jaune",4,1
"5352",5352,41.64,1.06,"Jaune",4,3
"5394",5394,72.4,1.07,"Jaune",5,1
"5444",5444,55.39,0.56,"Jaune",5,2
"5679",5679,49.51,1.06,"Bleu",4,2
"5730",5730,107.34,2,"Bleu",5,1
"5836",5836,59.97,1.07,"Bleu",3,2
"5880",5880,46.27,0.82,"Bleu",5,1
"5959",5959,55.18,1.04,"Jaune",3,2
"5980",5980,38.78,0.54,"Bleu",5,3
"6090",6090,32.22,0.7,"Rouge",2,1
"6126",6126,32.15,0.33,"Bleu",5,2
"6139",6139,72.6,1.52,"Bleu",4,3
"6187",6187,42.5,0.74,"Jaune",4,1
"6287",6287,62.77,1.01,"Jaune",2,1
"6372",6372,25.52,0.52,"Bleu",5,1
"6393",6393,114.57,2.01,"Rouge",5,2
"6473",6473,92.02,1.53,"Bleu",5,1
"6842",6842,34.11,0.31,"Bleu",5,2
"6906",6906,77.57,1.05,"Rouge",5,3
"6911",6911,78.08,2.14,"Rouge",4,1
"6923",6923,58.75,1.01,"Bleu",4,3
"7139",7139,57.98,0.93,"Jaune",4,3
"7299",7299,35.68,0.71,"Bleu",3,1
"7336",7336,51.65,0.75,"Rouge",3,3
"7454",7454,33.91,0.4,"Rouge",5,2
"7498",7498,42.55,0.95,"Bleu",4,1
"7524",7524,85.21,2.01,"Bleu",4,1
"7586",7586,21.58,0.3,"Bleu",5,2
"7605",7605,66.15,1.2,"Rouge",4,2
"7699",7699,29.98,0.5,"Rouge",2,1
"7705",7705,52.67,1.11,"Bleu",3,2
"7835",7835,69.39,1.1,"Rouge",5,3
"7883",7883,65.71,1.5,"Bleu",3,1
"7885",7885,35.63,0.34,"Bleu",5,1
"7949",7949,42.64,0.32,"Bleu",5,1
"8064",8064,57.96,1.52,"Rouge",2,2
"8069",8069,75.33,1.2,"Jaune",4,1
"8071",8071,67.82,2.01,"Rouge",3,1
"8089",8089,43.02,0.77,"Bleu",1,1
"8234",8234,15.14,0.33,"Rouge",4,2
"8244",8244,54.29,0.72,"Rouge",5,1
"8364",8364,33.5,0.39,"Rouge",5,2
"8547",8547,69.41,1.13,"Bleu",5,1
"8562",8562,34.8,0.3,"Bleu",5,2
"8627",8627,40.32,0.47,"Bleu",5,2
"8646",8646,49.15,1.02,"Jaune",4,1
"8797",8797,88.67,1.62,"Bleu",5,2
"8802",8802,25.29,0.5,"Bleu",3,1
"9072",9072,43.61,0.3,"Jaune",4,1
"9123",9123,96.26,2,"Bleu",4,1
"9151",9151,52.49,0.54,"Rouge",5,1
"9195",9195,29.14,0.32,"Bleu",5,2
"9489",9489,29.63,0.31,"Rouge",4,1
"9509",9509,41.77,0.42,"Bleu",5,3
"9512",9512,60.92,1.21,"Rouge",3,3
"9621",9621,59.42,1.51,"Rouge",2,1
"9734",9734,40.66,0.83,"Rouge",3,3
"9768",9768,31.24,0.7,"Bleu",2,3
"9870",9870,99.15,1.51,"Rouge",5,3
"10204",10204,41.46,0.36,"Bleu",5,3
"10255",10255,89.47,1.5,"Jaune",5,2
"10298",10298,83.47,1.27,"Bleu",5,2
"10322",10322,91.36,2.29,"Jaune",3,2
"10335",10335,54.97,0.63,"Jaune",5,1
"10429",10429,25.54,0.41,"Jaune",3,2
"10456",10456,50.37,1.21,"Rouge",3,1
"10520",10520,74.43,1.24,"Rouge",5,1
"10523",10523,88.83,2.1,"Jaune",4,1
"10584",10584,30.65,0.9,"Bleu",2,2
"10592",10592,76.04,1.69,"Bleu",3,2
"10598",10598,45.88,0.74,"Rouge",5,2
"10656",10656,44.48,1.01,"Bleu",4,1
"10671",10671,29.16,0.58,"Bleu",3,1
"10756",10756,16.48,0.3,"Bleu",3,1
"10843",10843,12.8,0.4,"Bleu",3,1
"10848",10848,53.64,0.53,"Rouge",5,2
"10957",10957,34.71,0.3,"Rouge",3,1
"11000",11000,40.61,0.7,"Jaune",4,3
"11012",11012,33.91,0.42,"Jaune",3,2
"11027",11027,63.56,1.03,"Rouge",5,1
"11130",11130,27.33,0.33,"Rouge",5,1
"11344",11344,45.78,0.52,"Jaune",5,3
"11382",11382,35.63,0.3,"Rouge",4,1
"11463",11463,40.33,0.7,"Jaune",3,2
"11581",11581,45.82,0.65,"Rouge",3,1
"11653",11653,104.32,1.66,"Bleu",5,3
"11674",11674,48.34,0.71,"Bleu",4,3
"11683",11683,88.49,2.06,"Bleu",4,1
"11697",11697,39.6,0.41,"Rouge",5,2
"11715",11715,44.94,0.9,"Rouge",3,3
"11720",11720,47.76,0.9,"Jaune",3,1
"11742",11742,30.15,0.32,"Bleu",5,1
"11754",11754,48.58,0.9,"Bleu",4,3
"11843",11843,60.71,1.05,"Rouge",5,3
"11966",11966,46.63,0.72,"Bleu",5,3
"12026",12026,22.66,0.5,"Rouge",3,2
"12117",12117,14.31,0.41,"Bleu",3,1
"12190",12190,53.87,1.01,"Rouge",3,2
"12264",12264,116.45,2.11,"Jaune",5,3
"12340",12340,67.87,1.28,"Jaune",4,2
"12527",12527,30.88,0.56,"Bleu",5,2
"12782",12782,50.92,0.64,"Rouge",5,2
"13023",13023,35.33,0.31,"Jaune",5,3
"13026",13026,27.14,0.32,"Jaune",5,1
"13155",13155,82.22,1.02,"Rouge",5,3
"13178",13178,43.93,1.25,"Rouge",4,2
"13223",13223,28.86,0.3,"Bleu",4,1
"13264",13264,47.85,0.5,"Rouge",5,3
"13289",13289,36.37,0.66,"Rouge",2,2
"13429",13429,62.46,1.58,"Bleu",4,2
"13478",13478,48.25,1.01,"Rouge",3,1
"13699",13699,124.96,2.08,"Bleu",5,1
"13729",13729,41.44,0.8,"Bleu",3,3
"13864",13864,35.89,0.32,"Jaune",5,2
"13939",13939,51.58,0.9,"Jaune",3,2
"13951",13951,70.35,1.01,"Bleu",5,2
"14126",14126,54.65,1.13,"Jaune",3,2
"14149",14149,25.2,0.33,"Rouge",5,3
"14157",14157,62.86,1.33,"Bleu",4,1
"14231",14231,35.11,0.7,"Rouge",3,3
"14237",14237,38.07,0.3,"Jaune",5,3
"14295",14295,32.35,0.5,"Bleu",3,3
"14313",14313,68.49,1.12,"Bleu",5,2
"14344",14344,16.32,0.28,"Jaune",3,3
"14401",14401,108.04,1.7,"Jaune",5,1
"14432",14432,27.83,0.36,"Bleu",5,1
"14447",14447,48.09,0.43,"Rouge",5,2
"14462",14462,45.16,0.54,"Bleu",4,1
"14844",14844,26.03,0.32,"Bleu",5,2
"14870",14870,32.9,0.41,"Rouge",4,2
"14971",14971,25.97,0.36,"Rouge",5,1
"14999",14999,43,0.42,"Bleu",4,3
"15001",15001,37.92,0.38,"Rouge",5,3
"15098",15098,35.7,0.71,"Rouge",5,3
"15296",15296,56.55,0.81,"Rouge",5,2
"15304",15304,30.71,0.36,"Bleu",4,2
"15416",15416,28.51,0.53,"Rouge",2,1
"15543",15543,85.92,1.82,"Rouge",4,1
"15646",15646,19.68,0.42,"Jaune",5,1
"15766",15766,34.19,0.41,"Rouge",5,1
"15831",15831,43.13,1.07,"Bleu",4,3
"15861",15861,55.41,0.9,"Bleu",5,2
"15901",15901,32.52,0.9,"Jaune",2,1
"15925",15925,34.62,0.71,"Jaune",1,3
"16000",16000,30.43,0.32,"Jaune",5,1
"16263",16263,37.61,0.34,"Rouge",5,3
"16296",16296,53.27,1.5,"Rouge",4,2
"16316",16316,116.74,2.08,"Bleu",5,3
"16385",16385,23.84,0.3,"Rouge",2,2
"16449",16449,133.94,2.42,"Jaune",5,2
"16524",16524,139.41,2.59,"Rouge",5,1
"16757",16757,44.19,0.4,"Bleu",3,2
"16826",16826,68.73,1.5,"Rouge",3,2
"16827",16827,53.83,1,"Rouge",4,2
"16924",16924,45.38,0.77,"Rouge",4,1
"16957",16957,28.61,0.43,"Jaune",5,1
"17025",17025,37.73,0.53,"Jaune",3,1
"17047",17047,48.31,0.78,"Bleu",5,2
"17114",17114,56.2,1.13,"Bleu",4,3
"17340",17340,58.24,1.6,"Jaune",1,2
"17381",17381,58.88,0.9,"Bleu",4,2
"17424",17424,24.13,0.3,"Rouge",2,1
"17634",17634,50.92,0.71,"Bleu",5,2
"17769",17769,55.18,1.15,"Bleu",4,1
"17784",17784,38.6,0.9,"Bleu",2,3
"17836",17836,24.11,0.33,"Jaune",5,1
"17885",17885,67.61,1.11,"Rouge",5,1
"18109",18109,51.95,1.1,"Rouge",5,2
"18128",18128,29.1,0.3,"Bleu",5,1
"18313",18313,39.4,0.63,"Bleu",5,1
"18322",18322,45.01,1.24,"Bleu",3,2
"18462",18462,67.16,1.02,"Jaune",5,1
"18568",18568,51.2,1.01,"Bleu",4,2
"18700",18700,59.3,1.21,"Rouge",3,1
"18798",18798,40.07,0.7,"Rouge",3,1
"18806",18806,34.1,0.71,"Rouge",3,2
"18859",18859,42.18,0.36,"Bleu",5,1
"18868",18868,25.49,0.3,"Bleu",4,1
"18881",18881,56.38,0.71,"Bleu",5,1
"19054",19054,30.91,0.38,"Bleu",4,1
"19074",19074,15.4,0.32,"Rouge",2,1
"19197",19197,32.09,0.55,"Bleu",3,3
"19218",19218,29.89,0.41,"Rouge",4,3
"19328",19328,59.58,0.91,"Bleu",5,3
"19440",19440,24.48,0.3,"Bleu",5,1
"19443",19443,51.08,0.55,"Jaune",5,1
"19450",19450,41.78,0.7,"Bleu",4,1
"19508",19508,85.73,1.81,"Jaune",4,3
"19514",19514,38.38,0.42,"Rouge",5,1
"19587",19587,76,1.56,"Bleu",3,1
"19661",19661,73.08,1.5,"Jaune",2,3
"19663",19663,36.41,0.33,"Jaune",5,1
"19673",19673,27.39,0.26,"Rouge",5,2
"19820",19820,60.66,0.7,"Rouge",5,1
"19845",19845,27.47,0.32,"Bleu",5,1
"19915",19915,42.69,0.71,"Bleu",3,1
"19923",19923,39.54,0.73,"Rouge",4,1
"19926",19926,58.1,1.28,"Rouge",3,2
"19941",19941,81.08,1.7,"Rouge",5,2
"20081",20081,15.79,0.24,"Jaune",3,1
"20112",20112,28.27,0.35,"Bleu",5,3
"20175",20175,33.44,0.32,"Bleu",5,3
"20241",20241,76.23,1.29,"Jaune",5,1
"20438",20438,49.57,1,"Bleu",2,3
"20683",20683,63.07,0.72,"Bleu",5,1
"20762",20762,58.65,1.03,"Rouge",5,1
"20850",20850,86.95,2.06,"Jaune",4,1
"20870",20870,68.69,1.08,"Bleu",5,1
"20916",20916,42.9,0.73,"Bleu",4,1
"21031",21031,29.98,0.39,"Bleu",5,1
"21036",21036,53.94,1.01,"Bleu",4,3
"21346",21346,47.84,1.01,"Bleu",3,3
"21608",21608,46.74,1.21,"Rouge",2,1
"21704",21704,79.7,1.28,"Rouge",5,1
"21786",21786,31.77,0.41,"Jaune",4,1
"21825",21825,39.62,0.4,"Bleu",2,1
"21845",21845,27.9,0.41,"Jaune",3,1
"21862",21862,37.91,0.31,"Jaune",3,1
"21872",21872,40.48,0.43,"Jaune",5,1
"21902",21902,64.69,1.23,"Bleu",3,1
"21968",21968,20.36,0.52,"Jaune",4,2
"22059",22059,52.12,0.73,"Rouge",5,1
"22119",22119,77.97,1.24,"Rouge",5,2
"22172",22172,21.95,0.54,"Bleu",4,3
"22181",22181,131.87,2.25,"Rouge",5,3
"22197",22197,62.6,1.23,"Bleu",3,2
"22377",22377,24.11,0.41,"Rouge",5,3
"22402",22402,47.06,1.2,"Bleu",3,1
"22428",22428,29.05,0.5,"Rouge",3,1
"22432",22432,65.92,1.04,"Bleu",5,1
"22472",22472,58.27,1.51,"Bleu",4,2
"22589",22589,35.19,0.31,"Bleu",5,1
"22630",22630,14.09,0.42,"Bleu",4,1
"22789",22789,41.94,0.43,"Bleu",3,1
"22820",22820,32.97,0.41,"Rouge",5,1
"22893",22893,36.35,0.39,"Bleu",3,1
"23097",23097,19.7,0.36,"Rouge",5,3
"23114",23114,58.88,1.25,"Bleu",4,2
"23117",23117,65.63,1.16,"Bleu",4,1
"23126",23126,30.27,0.41,"Bleu",3,3
"23177",23177,20.52,0.31,"Jaune",5,2
"23400",23400,39.33,0.33,"Jaune",5,2
"23434",23434,43.35,0.91,"Bleu",3,2
"23509",23509,28.58,0.32,"Bleu",4,1
"23678",23678,114.98,2.01,"Rouge",5,1
"23686",23686,60.39,1.5,"Bleu",3,3
"23710",23710,68.31,1.26,"Jaune",4,1
"23719",23719,48.06,0.56,"Jaune",5,1
"23724",23724,58.08,1.17,"Bleu",4,2
"23732",23732,31.7,0.38,"Bleu",5,3
"23775",23775,69.56,1.5,"Bleu",3,1
"23778",23778,64.81,1.04,"Bleu",5,2
"23890",23890,61.72,1.3,"Rouge",4,3
"23906",23906,50.47,0.7,"Rouge",5,2
"24080",24080,35.6,0.38,"Bleu",5,1
"24275",24275,45.31,1.01,"Jaune",3,1
"24303",24303,35.56,0.5,"Bleu",5,1
"24460",24460,32.63,0.4,"Rouge",5,1
"24536",24536,29.05,0.7,"Rouge",3,1
"24569",24569,55.66,1,"Bleu",5,2
"24605",24605,49.36,0.51,"Jaune",5,3
"24672",24672,104.76,3.65,"Jaune",1,1
"24723",24723,28.63,0.24,"Jaune",3,1
"24760",24760,27.8,0.32,"Bleu",4,2
"24782",24782,47.25,1.09,"Bleu",4,1
"24826",24826,22.02,0.3,"Rouge",4,1
"24908",24908,41.89,0.57,"Jaune",5,1
"25009",25009,40.46,0.72,"Bleu",3,1
"25080",25080,34.84,0.58,"Bleu",4,3
"25163",25163,36.38,0.42,"Jaune",4,1
"25183",25183,75.44,1.11,"Bleu",5,3
"25232",25232,47.79,0.74,"Bleu",5,1
"25237",25237,60.7,1.02,"Bleu",5,1
"25370",25370,34.98,0.9,"Bleu",4,1
"25378",25378,41.53,0.71,"Rouge",2,3
"25391",25391,27.95,0.4,"Bleu",5,3
"25396",25396,37.63,0.58,"Jaune",5,3
"25431",25431,58.56,0.62,"Jaune",5,2
"25598",25598,82.53,1.7,"Rouge",4,3
"25656",25656,46.54,1.01,"Bleu",3,1
"25679",25679,26.14,0.26,"Rouge",5,3
"25756",25756,29.1,0.4,"Rouge",4,1
"25798",25798,60.69,1.51,"Jaune",3,1
"25951",25951,28.63,0.33,"Bleu",4,1
"25952",25952,20.67,0.3,"Bleu",4,1
"26053",26053,45.8,0.73,"Jaune",3,2
"26132",26132,38.24,0.3,"Jaune",5,1
"26249",26249,80.97,1.26,"Rouge",5,1
"26405",26405,43.84,0.53,"Rouge",5,3
"26507",26507,42.03,0.84,"Jaune",4,2
"26590",26590,33.89,0.3,"Jaune",5,3
"26600",26600,104.47,1.24,"Jaune",5,2
"26606",26606,33.41,0.56,"Rouge",5,2
"26631",26631,30.8,0.53,"Jaune",5,2
"26704",26704,48.35,0.8,"Bleu",4,2
"26850",26850,36.44,0.7,"Jaune",3,2
"26869",26869,53.41,1.01,"Jaune",2,1
"26993",26993,32.94,0.34,"Rouge",5,1
"27002",27002,43.39,1.11,"Jaune",4,1
"27089",27089,37.34,1,"Bleu",1,2
"27142",27142,32.01,0.53,"Bleu",3,3
"27222",27222,66.66,1.09,"Rouge",5,3
"27264",27264,51.13,0.8,"Rouge",3,3
"27400",27400,26.84,0.34,"Bleu",5,2
"27450",27450,33.29,0.31,"Bleu",5,3
"27488",27488,67.63,1.13,"Rouge",5,1
"27526",27526,41.62,0.71,"Rouge",3,2
"27588",27588,18.73,0.42,"Rouge",4,1
"27715",27715,22.61,0.35,"Rouge",5,3
"27735",27735,46.27,0.9,"Bleu",1,3
"27778",27778,22.51,0.31,"Bleu",5,1
"27798",27798,63.57,1.08,"Bleu",5,1
"27809",27809,68.81,1.06,"Bleu",5,3
"27845",27845,43.12,0.51,"Rouge",5,2
"28048",28048,37.19,0.71,"Rouge",3,1
"28071",28071,44.76,0.72,"Rouge",5,2
"28131",28131,40.06,0.97,"Rouge",3,2
"28150",28150,24.94,0.4,"Bleu",4,3
"28161",28161,24.35,0.31,"Bleu",5,3
"28176",28176,59.65,1.06,"Bleu",5,2
"28279",28279,36,0.7,"Bleu",3,1
"28406",28406,49.8,1,"Jaune",3,2
"28453",28453,55.04,1.01,"Rouge",4,3
"28508",28508,66.71,1.76,"Rouge",1,3
"28529",28529,34.69,0.52,"Rouge",5,1
"28550",28550,30.09,0.32,"Bleu",5,3
"28562",28562,44.21,0.54,"Rouge",5,2
"28704",28704,72.61,1.54,"Jaune",4,1
"28838",28838,29.88,0.37,"Jaune",5,1
"28910",28910,27.2,0.33,"Rouge",5,3
"28965",28965,34.84,0.32,"Bleu",5,1
"29009",29009,39.57,0.5,"Rouge",3,2
"29133",29133,72.85,1.27,"Bleu",5,3
"29175",29175,54.39,0.71,"Rouge",5,1
"29227",29227,34,0.32,"Bleu",2,1
"29398",29398,29.98,0.35,"Rouge",5,3
"29420",29420,35.9,0.44,"Rouge",5,1
"29472",29472,25.97,0.52,"Rouge",5,3
"29561",29561,33.5,0.91,"Rouge",3,1
"29615",29615,30.52,0.34,"Rouge",5,1
"29902",29902,33.76,0.41,"Bleu",3,2
"29908",29908,22.8,0.31,"Rouge",5,1
"29964",29964,40.22,0.62,"Bleu",4,2
"29998",29998,44.34,1.01,"Bleu",3,3
"30201",30201,33.19,0.54,"Bleu",5,1
"30324",30324,15.52,0.31,"Rouge",5,2
"30481",30481,46.89,0.4,"Jaune",4,3
"30503",30503,26.28,0.37,"Rouge",3,2
"30515",30515,62.64,1.03,"Rouge",5,1
"30656",30656,81.91,2.06,"Jaune",4,3
"30658",30658,38.52,0.59,"Bleu",3,1
"30678",30678,48.87,1.06,"Jaune",4,1
"30804",30804,44.89,0.5,"Jaune",5,2
"30905",30905,34.27,0.3,"Bleu",3,3
"31048",31048,39.99,0.55,"Jaune",4,2
"31125",31125,23.63,0.5,"Bleu",3,3
"31346",31346,35.39,0.54,"Rouge",3,2
"31480",31480,31.79,0.38,"Bleu",3,1
"31512",31512,80.7,1.75,"Bleu",4,1
"31531",31531,32.78,0.36,"Rouge",4,2
"31680",31680,59.53,0.65,"Bleu",5,3
"31701",31701,22.14,0.5,"Bleu",4,1
"31742",31742,42.35,0.76,"Rouge",4,1
"31821",31821,69.1,1.2,"Jaune",5,1
"31921",31921,34,0.41,"Bleu",5,3
"31967",31967,40.94,0.32,"Jaune",5,3
"32005",32005,29.46,0.34,"Rouge",4,1
"32047",32047,54.88,1.01,"Rouge",4,2
"32068",32068,67.42,1.51,"Jaune",4,1
"32129",32129,44.02,0.4,"Jaune",5,1
"32255",32255,23.74,0.26,"Bleu",5,3
"32336",32336,60.6,1.21,"Rouge",1,1
"32417",32417,49.34,0.7,"Bleu",4,1
"32459",32459,29.02,0.25,"Bleu",4,2
"32561",32561,24.97,0.3,"Rouge",3,2
"32620",32620,43.17,0.71,"Rouge",5,3
"32664",32664,38.36,0.7,"Bleu",4,3
"32696",32696,41.77,0.74,"Rouge",4,1
"32735",32735,67.87,2.01,"Rouge",3,2
"32745",32745,60.07,0.6,"Bleu",5,1
"32779",32779,33.65,0.28,"Bleu",5,3
"33081",33081,61.38,0.73,"Bleu",5,2
"33096",33096,21.11,0.33,"Bleu",4,1
"33132",33132,33.75,0.53,"Bleu",5,2
"33212",33212,27.36,0.34,"Rouge",3,2
"33272",33272,35.14,0.41,"Bleu",4,1
"33281",33281,57.07,1,"Jaune",4,1
"33314",33314,71.03,1.6,"Bleu",4,1
"33370",33370,57.09,1.13,"Rouge",5,3
"33447",33447,38.9,0.42,"Rouge",5,1
"33493",33493,46.82,0.41,"Jaune",5,2
"33765",33765,34.46,0.42,"Rouge",5,3
"33800",33800,55.24,0.8,"Bleu",5,1
"33834",33834,45.26,0.73,"Bleu",5,3
"33865",33865,73.64,1.7,"Bleu",4,3
"33881",33881,37.49,1,"Rouge",4,1
"33922",33922,41.12,1.01,"Bleu",2,1
"34054",34054,46.61,0.75,"Bleu",5,1
"34064",34064,26.25,0.31,"Bleu",2,3
"34224",34224,45.3,0.72,"Jaune",3,1
"34243",34243,29.59,0.3,"Rouge",4,1
"34339",34339,37.33,0.7,"Bleu",3,1
"34395",34395,116.48,2.53,"Jaune",4,1
"34502",34502,93.27,1.6,"Rouge",5,2
"34515",34515,74.94,1.7,"Rouge",4,2
"34548",34548,39.71,0.37,"Rouge",5,1
"34649",34649,31.38,0.71,"Bleu",4,3
"34712",34712,62.37,1.28,"Rouge",4,2
"34752",34752,27.9,0.26,"Rouge",5,1
"34758",34758,20.65,0.3,"Rouge",5,1
"35058",35058,26.89,0.43,"Bleu",5,2
"35077",35077,32.48,0.3,"Jaune",5,2
"35263",35263,64.62,0.72,"Bleu",5,1
"35271",35271,40.09,0.44,"Jaune",5,3
"35376",35376,37.1,1.02,"Rouge",3,1
"35402",35402,60.2,1.22,"Bleu",3,1
"35612",35612,25.64,0.39,"Bleu",5,3
"35733",35733,32.8,0.9,"Bleu",3,3
"35767",35767,34.04,0.71,"Rouge",4,2
"35808",35808,68.95,0.8,"Jaune",5,2
"35812",35812,20.16,0.5,"Rouge",3,2
"35857",35857,59.52,1.02,"Rouge",5,1
"35859",35859,53.62,1.03,"Jaune",4,2
"35965",35965,25.38,0.41,"Bleu",2,2
"36027",36027,39.64,0.56,"Bleu",5,1
"36095",36095,59.23,1.21,"Jaune",2,3
"36164",36164,67.8,0.91,"Rouge",5,1
"36183",36183,63.99,1.1,"Jaune",3,1
"36448",36448,42.07,0.9,"Bleu",4,2
"36666",36666,36.49,0.41,"Jaune",3,1
"36732",36732,66.14,1.01,"Jaune",5,1
"36744",36744,28.44,0.61,"Bleu",4,3
"36789",36789,36.48,0.32,"Bleu",5,3
"36886",36886,24.08,0.3,"Rouge",4,2
"36910",36910,48.07,0.54,"Rouge",3,2
"37050",37050,34.58,0.42,"Bleu",5,1
"37134",37134,24.52,0.4,"Bleu",2,2
"37273",37273,33.29,0.34,"Bleu",4,3
"37329",37329,43.91,0.4,"Bleu",4,1
"37343",37343,50.09,0.7,"Rouge",5,2
"37390",37390,42.82,0.7,"Jaune",3,3
"37410",37410,31.33,0.46,"Jaune",2,2
"37491",37491,92.58,2.26,"Jaune",4,2
"37510",37510,39.86,0.6,"Bleu",5,1
"37596",37596,49.36,0.94,"Rouge",4,1
"37632",37632,37.95,1.01,"Bleu",2,3
"37732",37732,34.35,0.52,"Bleu",5,1
"37752",37752,40.54,0.5,"Rouge",4,1
"37772",37772,39.71,0.54,"Jaune",4,1
"37859",37859,26.26,0.43,"Bleu",4,2
"37959",37959,29.47,0.72,"Bleu",3,1
"37990",37990,37.68,0.91,"Bleu",3,2
"38009",38009,45.82,1.01,"Rouge",4,1
"38145",38145,34.71,0.42,"Bleu",5,3
"38225",38225,77.76,1.5,"Bleu",3,2
"38256",38256,24.82,0.31,"Jaune",4,1
"38270",38270,31.58,0.33,"Jaune",4,1
"38280",38280,36.58,0.38,"Rouge",5,2
"38295",38295,27.6,0.31,"Jaune",5,1
"38367",38367,26.84,0.3,"Rouge",5,2
"38401",38401,26.23,0.38,"Bleu",4,1
"38433",38433,35.73,0.33,"Jaune",3,1
"38463",38463,55,1.01,"Jaune",3,1
"38482",38482,78.46,1.09,"Bleu",5,1
"38510",38510,76.8,1.51,"Bleu",4,2
"38525",38525,35.99,1,"Bleu",2,3
"38572",38572,35.08,0.75,"Bleu",3,1
"38574",38574,27.44,0.52,"Rouge",3,1
"38578",38578,83.79,2.02,"Bleu",4,2
"38646",38646,27.47,0.3,"Bleu",4,2
"38664",38664,53.78,0.67,"Rouge",2,1
"38678",38678,50.16,0.82,"Bleu",5,3
"38705",38705,29.11,0.32,"Rouge",3,1
"38732",38732,81.26,1.56,"Rouge",5,3
"38846",38846,56.85,1.21,"Bleu",4,2
"38882",38882,33.88,0.7,"Rouge",3,2
"38901",38901,62.53,1.15,"Bleu",3,2
"38916",38916,36.31,0.38,"Rouge",5,1
"39003",39003,37.85,0.52,"Bleu",4,3
"39049",39049,72.12,1.14,"Rouge",5,1
"39059",39059,61.86,0.7,"Jaune",5,1
"39148",39148,38.5,0.91,"Rouge",3,1
"39228",39228,30.56,0.23,"Jaune",3,1
"39379",39379,53.67,1.21,"Bleu",3,2
"39542",39542,23.76,0.34,"Bleu",5,3
"39628",39628,31.81,0.71,"Rouge",2,1
"39647",39647,44.47,0.58,"Jaune",5,1
"39782",39782,49.63,0.78,"Bleu",5,3
"39811",39811,21.01,0.3,"Rouge",3,3
"39815",39815,44.29,0.62,"Bleu",4,2
"39826",39826,100.98,2.13,"Bleu",4,3
"39923",39923,38.25,0.7,"Bleu",3,1
"39929",39929,28.62,0.43,"Rouge",4,2
"39986",39986,31.81,0.51,"Bleu",3,1
"39995",39995,35.46,0.32,"Jaune",5,1
"40046",40046,55.48,1.02,"Jaune",4,1
"40081",40081,54.03,0.59,"Rouge",5,1
"40125",40125,71,1.53,"Jaune",3,3
"40286",40286,47.4,1.51,"Rouge",3,2
"40315",40315,44.23,1.01,"Rouge",3,3
"40351",40351,77.48,1.37,"Jaune",4,3
"40415",40415,99.45,2.01,"Rouge",4,3
"40446",40446,40.78,0.4,"Bleu",4,2
"40650",40650,28.89,0.37,"Rouge",4,1
"40763",40763,51.37,0.78,"Jaune",5,1
"40876",40876,35.28,0.7,"Bleu",4,1
"40905",40905,38.25,0.4,"Jaune",5,1
"40956",40956,29.4,0.31,"Bleu",2,1
"40974",40974,58.58,1.04,"Rouge",5,3
"41004",41004,47.49,0.7,"Jaune",5,2
"41024",41024,40.56,0.32,"Jaune",5,1
"41163",41163,31.64,0.32,"Rouge",5,1
"41176",41176,47.82,0.42,"Bleu",5,1
"41179",41179,46.83,0.7,"Bleu",3,1
"41215",41215,20.06,0.41,"Rouge",3,1
"41233",41233,28.63,0.5,"Bleu",5,1
"41270",41270,77.17,1.09,"Jaune",5,2
"41324",41324,47.89,1.09,"Rouge",4,2
"41344",41344,85.97,1.2,"Jaune",5,2
"41370",41370,56.69,1.21,"Jaune",4,2
"41467",41467,35.15,0.78,"Bleu",3,2
"41486",41486,37.94,0.7,"Rouge",3,1
"41569",41569,25.39,0.34,"Bleu",3,1
"41751",41751,24.42,0.41,"Jaune",5,1
"41786",41786,43.69,0.56,"Rouge",5,2
"41846",41846,59.55,0.75,"Jaune",5,1
"41976",41976,27.66,0.26,"Rouge",5,3
"42042",42042,46.69,0.7,"Bleu",5,3
"42060",42060,70.18,1.25,"Rouge",5,1
"42157",42157,42.09,0.32,"Bleu",5,3
"42226",42226,71.77,1.15,"Rouge",5,1
"42266",42266,42.56,0.73,"Rouge",3,2
"42299",42299,48.03,0.55,"Rouge",5,1
"42323",42323,68.55,1.02,"Bleu",5,2
"42328",42328,62.63,0.9,"Bleu",5,2
"42330",42330,72.44,1.35,"Bleu",4,2
"42424",42424,51.87,0.91,"Jaune",1,1
"42425",42425,68.87,0.9,"Bleu",5,1
"42457",42457,59.14,1.51,"Bleu",3,1
"42489",42489,96.86,2.02,"Rouge",4,1
"42581",42581,28.52,0.5,"Bleu",3,2
"42626",42626,21.66,0.5,"Bleu",2,3
"42665",42665,45.34,0.42,"Rouge",5,1
"42686",42686,35.36,0.41,"Jaune",3,3
"42687",42687,24.78,0.45,"Rouge",3,2
"42747",42747,66.84,1.54,"Bleu",3,1
"42981",42981,56.57,1.05,"Rouge",3,1
"43014",43014,23.31,0.4,"Jaune",3,1
"43029",43029,54.58,1.2,"Jaune",4,1
"43076",43076,30.94,0.3,"Bleu",5,2
"43218",43218,45.47,0.71,"Bleu",3,3
"43263",43263,67.65,1.22,"Bleu",5,1
"43348",43348,52.55,1.27,"Bleu",4,1
"43390",43390,47.23,0.42,"Bleu",5,3
"43414",43414,31.69,1,"Bleu",2,3
"43516",43516,42.03,0.51,"Rouge",5,3
"43579",43579,44.08,1,"Rouge",1,1
"43637",43637,31.08,0.32,"Jaune",4,1
"43639",43639,64.77,0.9,"Rouge",5,1
"43691",43691,56.47,1.04,"Bleu",3,2
"43824",43824,31.18,0.31,"Rouge",5,1
"43830",43830,75.15,1.18,"Jaune",5,2
"43882",43882,68.64,1.05,"Rouge",5,2
"44014",44014,46.83,0.54,"Jaune",5,1
"44052",44052,43.66,0.78,"Jaune",3,2
"44124",44124,25.98,0.3,"Bleu",5,2
"44130",44130,60.08,1.02,"Rouge",4,3
"44266",44266,33.86,0.46,"Rouge",3,1
"44379",44379,42.75,0.58,"Bleu",5,3
"44407",44407,77.48,1.13,"Rouge",5,1
"44408",44408,47.28,0.82,"Jaune",4,1
"44540",44540,33.01,0.71,"Rouge",2,1
"44601",44601,48.04,1.02,"Bleu",3,1
"44688",44688,123.26,2.32,"Jaune",5,2
"44706",44706,52.75,0.59,"Bleu",5,2
"44745",44745,52.05,0.9,"Jaune",4,1
"44824",44824,88.96,1.51,"Rouge",5,1
"44948",44948,55.37,0.92,"Jaune",4,3
"45016",45016,43.38,0.9,"Rouge",2,2
"45215",45215,53.37,0.9,"Bleu",3,3
"45317",45317,31.15,0.71,"Jaune",2,2
"45324",45324,39.74,0.7,"Rouge",3,2
"45426",45426,34.76,0.29,"Rouge",5,2
"45439",45439,30.53,0.28,"Jaune",4,2
"45440",45440,34.27,0.54,"Bleu",2,1
"45449",45449,43.5,0.39,"Rouge",5,3
"45557",45557,76.99,2,"Rouge",2,1
"45564",45564,40.63,0.7,"Jaune",4,1
"45567",45567,32.77,0.53,"Bleu",5,3
"45731",45731,75.67,1.21,"Jaune",5,1
"45765",45765,36.67,0.31,"Jaune",5,3
"45768",45768,54.44,0.9,"Jaune",3,3
"45769",45769,47.12,0.58,"Bleu",5,1
"45779",45779,64.16,1.13,"Bleu",5,3
"45786",45786,25.44,0.31,"Rouge",4,1
"45858",45858,14.03,0.3,"Rouge",5,3
"45868",45868,37,0.31,"Jaune",5,1
"45980",45980,44.16,1,"Jaune",3,3
"46011",46011,71.19,1.1,"Jaune",5,1
"46120",46120,45.84,0.92,"Bleu",4,3
"46163",46163,34.3,0.39,"Rouge",3,3
"46173",46173,89.97,2.16,"Jaune",4,1
"46202",46202,52.33,0.9,"Rouge",5,3
"46236",46236,39.45,0.53,"Bleu",5,2
"46365",46365,45.84,0.93,"Bleu",5,2
"46430",46430,59.68,1.15,"Rouge",3,1
"46527",46527,48.7,1.1,"Jaune",3,3
"46615",46615,35.79,0.4,"Bleu",4,1
"46618",46618,39.23,0.91,"Rouge",3,3
"46711",46711,45.23,0.71,"Jaune",5,1
"46726",46726,65.21,1.01,"Rouge",4,2
"46749",46749,80.69,1.35,"Bleu",5,3
"46814",46814,40.53,0.51,"Jaune",5,2
"46885",46885,31.01,0.71,"Rouge",4,2
"47037",47037,24.46,0.24,"Rouge",5,1
"47199",47199,67.67,1.01,"Bleu",5,2
"47690",47690,57.74,1.01,"Jaune",4,2
"47697",47697,47.2,1,"Bleu",3,1
"47774",47774,86.17,2,"Bleu",3,2
"47777",47777,61.47,0.74,"Jaune",5,1
"47865",47865,29.26,0.31,"Rouge",5,2
"47995",47995,32.99,0.55,"Rouge",3,1
"48095",48095,32.03,0.36,"Bleu",5,1
"48347",48347,98.57,1.74,"Rouge",5,1
"48363",48363,42.89,1.05,"Rouge",4,3
"48395",48395,44.03,0.91,"Bleu",4,2
"48454",48454,37.04,0.51,"Jaune",5,1
"48474",48474,60.13,1.1,"Jaune",4,1
"48485",48485,77.76,1.25,"Jaune",5,1
"48498",48498,60.07,0.9,"Rouge",5,1
"48600",48600,33.91,0.51,"Bleu",1,3
"48611",48611,27.13,0.31,"Bleu",5,3
"48657",48657,31.65,0.52,"Jaune",3,1
"48710",48710,33.53,0.91,"Bleu",3,1
"48714",48714,69.27,1.56,"Rouge",4,2
"48726",48726,40.87,1.04,"Rouge",4,2
"48816",48816,36.5,0.32,"Jaune",4,2
"48830",48830,55.03,0.9,"Jaune",3,2
"48857",48857,53.42,1.2,"Bleu",3,2
"49050",49050,54.92,1.06,"Jaune",4,1
"49154",49154,33.78,0.33,"Bleu",5,1
"49212",49212,56.79,1.04,"Bleu",5,3
"49331",49331,62.49,1.12,"Rouge",5,1
"49397",49397,27.75,0.62,"Bleu",3,1
"49418",49418,75.99,1.03,"Rouge",5,1
"49424",49424,30.26,0.4,"Jaune",5,1
"49581",49581,33.17,0.3,"Jaune",2,1
"49604",49604,47.63,0.64,"Bleu",5,1
"49628",49628,30.22,0.38,"Bleu",5,1
"49708",49708,51.36,0.82,"Rouge",5,3
"49770",49770,44.39,0.55,"Rouge",4,2
"49984",49984,47.25,1.04,"Bleu",4,2
"49989",49989,62.28,1.05,"Bleu",5,2
"50009",50009,84.3,1.06,"Jaune",5,3
"50019",50019,47.4,1.01,"Rouge",4,2
"50150",50150,20.52,0.31,"Bleu",5,1
"50153",50153,35.22,0.54,"Jaune",5,3
"50227",50227,27.88,0.37,"Bleu",2,2
"50417",50417,27.96,0.52,"Rouge",4,2
"50501",50501,41.77,0.7,"Jaune",4,3
"50614",50614,82.68,2.06,"Bleu",4,3
"50659",50659,27.95,0.3,"Bleu",3,1
"50689",50689,31.13,0.51,"Jaune",4,3
"50784",50784,70.3,1,"Rouge",5,2
"50803",50803,40.89,0.96,"Bleu",1,3
"50838",50838,38.97,0.7,"Bleu",3,2
"50892",50892,18.23,0.3,"Bleu",5,1
"50944",50944,21.86,0.31,"Bleu",4,1
"51038",51038,19.52,0.33,"Rouge",5,2
"51067",51067,24.35,0.41,"Bleu",4,1
"51164",51164,45.6,0.7,"Rouge",2,2
"51181",51181,24.27,0.61,"Bleu",5,2
"51207",51207,43.9,0.57,"Bleu",5,2
"51227",51227,75.29,1.15,"Rouge",5,3
"51264",51264,74.01,1.12,"Rouge",5,3
"51396",51396,30.98,0.5,"Bleu",3,2
"51412",51412,23.41,0.34,"Rouge",5,2
"51429",51429,55.2,1.22,"Bleu",3,3
"51634",51634,47.33,1.01,"Bleu",1,3
"51770",51770,55.53,0.74,"Rouge",5,1
"51955",51955,56.56,1.15,"Bleu",4,1
"52132",52132,58.12,1.63,"Rouge",3,3
"52143",52143,54.92,0.85,"Bleu",5,1
"52244",52244,50.42,0.92,"Bleu",4,1
"52278",52278,34.15,0.4,"Bleu",5,1
"52327",52327,74.88,1.24,"Rouge",5,2
"52404",52404,24.76,0.4,"Jaune",4,1
"52418",52418,49.55,1,"Bleu",4,3
"52442",52442,131.21,2.43,"Bleu",5,3
"52525",52525,48.62,0.5,"Bleu",5,1
"52541",52541,14.51,0.4,"Bleu",3,2
"52590",52590,27.88,0.33,"Bleu",4,3
"52634",52634,5.34,0.23,"Bleu",3,1
"52661",52661,42.28,0.33,"Bleu",5,1
"52719",52719,39.25,0.51,"Jaune",4,3
"52797",52797,56.69,1.39,"Bleu",3,2
"52930",52930,46.18,0.5,"Bleu",5,2
"53081",53081,45.67,0.75,"Bleu",4,1
"53103",53103,37.02,0.59,"Jaune",3,2
"53275",53275,52.31,1.01,"Bleu",4,1
"53369",53369,61.36,0.72,"Jaune",5,3
"53381",53381,21.74,0.3,"Rouge",5,1
"53396",53396,15.07,0.34,"Jaune",5,1
"53415",53415,33.77,0.35,"Rouge",5,3
"53493",53493,46.65,0.56,"Jaune",4,1
"53498",53498,40.12,0.34,"Bleu",5,3
"53525",53525,33.09,0.71,"Bleu",3,1
"53557",53557,40.79,0.5,"Bleu",5,1
"53568",53568,34.83,0.36,"Bleu",4,1
"53603",53603,10.39,0.23,"Bleu",3,2
"53780",53780,33.16,0.41,"Rouge",5,2
"53823",53823,19.63,0.32,"Bleu",4,1
"53913",53913,52.13,1,"Bleu",2,1
"54022",54022,60.64,1,"Bleu",5,3
"54037",54037,51.15,0.54,"Jaune",5,1
"54072",54072,36.74,0.3,"Jaune",5,1
"54091",54091,52.01,1.02,"Rouge",5,2
"54361",54361,42.12,0.53,"Rouge",4,1
"54378",54378,77.97,2.01,"Bleu",3,3
"54428",54428,52.02,1.01,"Rouge",4,1
"54505",54505,22.58,0.3,"Rouge",5,1
"54571",54571,37.31,0.6,"Rouge",4,1
"54602",54602,30.98,0.25,"Rouge",5,2
"54611",54611,53.97,0.82,"Jaune",4,2
"54639",54639,56.66,0.72,"Jaune",5,3
"54658",54658,32.24,0.36,"Jaune",4,2
"54691",54691,53.35,1.17,"Rouge",2,2
"54740",54740,43.13,0.58,"Bleu",5,1
"54748",54748,47.56,0.4,"Rouge",3,1
"54881",54881,68.55,1.06,"Bleu",5,3
"54884",54884,30.64,0.32,"Rouge",4,1
"54975",54975,40.39,0.5,"Rouge",3,1
"54995",54995,42.61,0.72,"Rouge",4,1
"55040",55040,185.36,3.5,"Jaune",5,2
"55214",55214,22.03,0.26,"Bleu",2,2
"55395",55395,46.81,0.53,"Bleu",5,2
"55412",55412,59.69,0.63,"Bleu",4,2
"55474",55474,28.35,0.5,"Jaune",2,1
"55478",55478,51.23,1.01,"Rouge",2,2
"55517",55517,32.17,0.42,"Jaune",5,3
"55806",55806,31.86,0.24,"Rouge",4,3
"55832",55832,45.21,0.91,"Jaune",2,1
"55853",55853,68.15,0.9,"Jaune",5,2
"56061",56061,35.64,0.61,"Jaune",3,3
"56067",56067,26.53,0.4,"Rouge",4,1
"56181",56181,72.48,1.16,"Jaune",5,3
"56273",56273,78.35,1.16,"Jaune",5,1
"56365",56365,33.31,0.3,"Jaune",3,2
"56398",56398,63.48,1.1,"Jaune",5,1
"56422",56422,21.96,0.33,"Bleu",5,2
"56428",56428,53.66,0.81,"Jaune",3,1
"56433",56433,47.19,0.37,"Rouge",5,1
"56442",56442,36.35,0.4,"Rouge",3,1
"56452",56452,46.09,0.9,"Bleu",4,1
"56490",56490,29.65,0.34,"Rouge",4,3
"56580",56580,20.51,0.3,"Jaune",4,2
"56583",56583,65.37,1.24,"Bleu",5,3
"56593",56593,34.47,0.32,"Rouge",5,1
"56878",56878,33.14,0.34,"Bleu",5,3
"57207",57207,64.76,1.06,"Bleu",5,2
"57218",57218,28.97,0.31,"Bleu",2,2
"57270",57270,96.88,2.04,"Bleu",4,3
"57377",57377,44.52,0.71,"Bleu",3,3
"57448",57448,43.86,1.12,"Bleu",2,2
"57454",57454,52.38,0.53,"Rouge",5,2
"57493",57493,26.45,0.37,"Rouge",5,1
"57562",57562,20.72,0.73,"Bleu",3,1
"57609",57609,28.21,0.31,"Jaune",5,1
"57679",57679,74.78,1.21,"Bleu",4,1
"57726",57726,80.28,1.51,"Bleu",5,2
"57813",57813,33.79,0.58,"Jaune",5,3
"57824",57824,116,2.14,"Bleu",5,1
"57844",57844,39.63,0.57,"Jaune",3,1
"57856",57856,54.37,1.02,"Jaune",4,1
"57880",57880,50.15,1.07,"Bleu",4,3
"58057",58057,41.71,0.56,"Rouge",5,2
"58065",58065,45.37,0.5,"Bleu",5,3
"58103",58103,43.32,0.83,"Rouge",4,2
"58172",58172,33.66,0.3,"Jaune",5,1
"58242",58242,32.96,0.3,"Jaune",2,2
"58388",58388,81.46,1.01,"Jaune",5,1
"58450",58450,126.71,2.01,"Jaune",5,3
"58761",58761,106.98,2.42,"Rouge",4,1
"58784",58784,31.38,0.5,"Bleu",5,2
"58853",58853,30.61,0.41,"Bleu",3,2
"58888",58888,46.12,0.91,"Rouge",4,2
"59022",59022,45.81,0.53,"Rouge",5,1
"59074",59074,75.01,1.03,"Rouge",5,3
"59090",59090,26.8,0.41,"Bleu",5,2
"59215",59215,56.37,1.01,"Jaune",5,3
"59240",59240,34.37,0.93,"Bleu",3,2
"59261",59261,36.12,0.34,"Jaune",5,3
"59307",59307,30.84,0.31,"Rouge",5,3
"59335",59335,30.75,0.31,"Jaune",4,2
"59351",59351,40.07,0.56,"Jaune",4,2
"59474",59474,36.57,0.45,"Jaune",2,2
"59543",59543,38.19,1.01,"Rouge",4,3
"59606",59606,41.99,0.3,"Jaune",5,2
"59818",59818,45.61,0.7,"Bleu",3,2
"59828",59828,36.98,0.51,"Rouge",5,2
"59832",59832,81.7,1.23,"Rouge",5,3
"59882",59882,51.65,1.01,"Bleu",4,3
"59908",59908,51.45,0.57,"Jaune",5,3
"59996",59996,35.91,0.3,"Rouge",5,3
"60015",60015,21.47,0.32,"Jaune",4,2
"60042",60042,65.75,1.34,"Jaune",3,2
"60251",60251,40.92,0.9,"Bleu",3,1
"60306",60306,57.41,1.5,"Bleu",3,1
"60354",60354,44.43,1.01,"Bleu",2,1
"60380",60380,66.16,1,"Jaune",5,1
"60416",60416,26.65,0.42,"Bleu",4,3
"60452",60452,56.54,0.53,"Rouge",5,2
"60467",60467,20.31,0.31,"Rouge",5,2
"60509",60509,63.01,0.75,"Bleu",5,3
"60636",60636,58.76,1,"Rouge",4,2
"60925",60925,49.49,0.78,"Jaune",4,2
"60968",60968,63.08,0.7,"Jaune",5,2
"60971",60971,44.72,0.7,"Bleu",4,1
"61191",61191,32.3,0.34,"Rouge",4,2
"61195",61195,34.75,0.4,"Bleu",4,2
"61202",61202,57.6,1.01,"Rouge",5,1
"61277",61277,36.95,0.53,"Rouge",5,2
"61284",61284,26.68,0.31,"Rouge",5,2
"61356",61356,58.55,0.73,"Jaune",3,1
"61505",61505,31.27,0.3,"Jaune",5,1
"61644",61644,35.16,1.02,"Bleu",3,1
"61670",61670,76.69,2.01,"Bleu",2,3
"61673",61673,23.55,0.54,"Rouge",2,1
"61694",61694,41.01,0.59,"Rouge",5,1
"61728",61728,60.37,1.01,"Rouge",5,2
"61773",61773,40.12,0.4,"Jaune",5,1
"62021",62021,26.71,0.43,"Jaune",5,1
"62127",62127,44.2,0.56,"Bleu",5,2
"62139",62139,62.1,0.74,"Bleu",5,2
"62212",62212,36.41,0.42,"Bleu",3,1
"62305",62305,58.93,0.81,"Bleu",5,2
"62368",62368,30.8,0.35,"Jaune",5,2
"62380",62380,38.75,0.42,"Rouge",5,1
"62404",62404,40.8,0.75,"Bleu",3,2
"62525",62525,46.57,0.59,"Bleu",5,3
"62587",62587,37.23,0.73,"Jaune",3,1
"62624",62624,33.46,0.7,"Rouge",3,3
"62639",62639,95.04,2.02,"Jaune",4,2
"62654",62654,30.25,0.4,"Rouge",3,2
"62691",62691,30.02,0.33,"Rouge",3,1
"62982",62982,66.49,1.01,"Bleu",5,2
"63028",63028,39.15,0.71,"Jaune",3,2
"63107",63107,17.49,0.35,"Bleu",5,3
"63135",63135,33.95,0.33,"Jaune",3,1
"63168",63168,34.36,0.53,"Bleu",5,1
"63209",63209,38.09,0.43,"Bleu",5,2
"63305",63305,40.7,0.51,"Jaune",3,3
"63334",63334,22.12,0.35,"Jaune",4,3
"63373",63373,36.08,0.73,"Rouge",4,2
"63422",63422,47.37,1.2,"Bleu",4,1
"63509",63509,33.01,0.52,"Bleu",5,1
"63710",63710,122.76,2.3,"Jaune",5,3
"63856",63856,28.38,0.3,"Bleu",3,3
"64068",64068,71.34,1.01,"Jaune",5,3
"64070",64070,25.43,0.52,"Bleu",5,1
"64113",64113,42.86,0.7,"Rouge",3,3
"64214",64214,82.58,1.51,"Jaune",5,1
"64238",64238,38.84,0.56,"Rouge",5,3
"64274",64274,43.36,0.7,"Bleu",5,3
"64473",64473,47.76,0.71,"Rouge",5,3
"64501",64501,53.52,0.71,"Jaune",3,3
"64693",64693,36.9,0.52,"Jaune",5,1
"64904",64904,99,1.56,"Rouge",5,1
"64916",64916,47.89,0.56,"Bleu",5,2
"64934",64934,72.3,1.06,"Bleu",5,1
"65121",65121,23.52,0.39,"Rouge",4,3
"65160",65160,55.94,0.92,"Rouge",4,3
"65173",65173,60.04,1.5,"Bleu",4,1
"65183",65183,26.07,0.39,"Rouge",4,1
"65242",65242,37.75,0.33,"Bleu",5,1
"65446",65446,62.9,1.08,"Rouge",5,2
"65515",65515,33.73,0.38,"Rouge",5,1
"65528",65528,39.88,1.02,"Bleu",2,1
"65536",65536,15.79,0.31,"Rouge",4,1
"65639",65639,25.02,0.31,"Bleu",4,1
"65641",65641,23.5,0.23,"Bleu",4,2
"65795",65795,20.64,0.3,"Jaune",5,2
"65797",65797,41.31,0.92,"Bleu",2,2
"65801",65801,27.22,0.3,"Jaune",2,3
"65963",65963,74.35,1.51,"Jaune",2,1
"65989",65989,42.81,0.7,"Bleu",3,2
"66154",66154,51.98,1.06,"Jaune",4,1
"66160",66160,44.5,0.56,"Bleu",5,2
"66216",66216,29.89,0.28,"Rouge",5,2
"66289",66289,37.17,0.53,"Rouge",5,3
"66433",66433,38.48,0.72,"Rouge",3,3
"66464",66464,35.88,0.4,"Rouge",5,1
"66475",66475,44.51,0.71,"Bleu",3,2
"66482",66482,57.19,1.01,"Bleu",3,2
"66646",66646,33.42,0.32,"Rouge",5,3
"66690",66690,33.74,0.37,"Rouge",5,2
"66712",66712,45.17,0.53,"Jaune",5,1
"66715",66715,76.81,1.03,"Jaune",5,2
"66896",66896,27,0.32,"Jaune",5,1
"66933",66933,75.56,1.24,"Bleu",4,1
"67038",67038,64.39,1.7,"Bleu",3,1
"67072",67072,47.29,1.08,"Rouge",4,3
"67088",67088,44.3,0.73,"Rouge",1,1
"67312",67312,28.03,0.34,"Jaune",5,2
"67383",67383,38.05,0.39,"Jaune",5,1
"67399",67399,55.12,1.1,"Jaune",3,1
"67421",67421,47.04,0.9,"Bleu",3,2
"67457",67457,33.36,1.09,"Bleu",1,3
"67495",67495,53.45,1,"Jaune",3,2
"67526",67526,35.87,0.24,"Jaune",5,2
"67675",67675,59.88,0.72,"Rouge",5,3
"67749",67749,47.87,0.55,"Jaune",5,2
"67868",67868,77.28,1.35,"Rouge",5,2
"67902",67902,25.21,0.53,"Rouge",4,2
"67950",67950,34.76,0.41,"Jaune",5,1
"67965",67965,44.15,0.53,"Rouge",5,2
"68025",68025,43.78,0.7,"Rouge",5,1
"68049",68049,58.53,1.1,"Bleu",4,1
"68076",68076,67.49,1.32,"Jaune",5,2
"68237",68237,31.14,0.5,"Bleu",4,1
"68267",68267,71.42,1.21,"Jaune",4,2
"68270",68270,53.14,0.9,"Rouge",3,3
"68345",68345,37.04,0.4,"Bleu",2,1
"68354",68354,58.18,1.11,"Bleu",4,1
"68398",68398,40.91,0.6,"Jaune",5,1
"68587",68587,55.32,0.71,"Jaune",4,1
"68597",68597,47.94,0.58,"Bleu",5,1
"68713",68713,43.14,0.57,"Bleu",5,2
"68843",68843,31.81,0.27,"Rouge",5,1
"68992",68992,74.06,1.21,"Rouge",5,2
"69124",69124,82.61,2,"Jaune",4,1
"69172",69172,36.52,0.34,"Bleu",5,2
"69299",69299,49.56,0.9,"Jaune",3,1
"69383",69383,56.69,0.9,"Rouge",5,2
"69521",69521,36.31,0.51,"Rouge",4,3
"69554",69554,43.26,0.7,"Rouge",2,2
"69612",69612,30.69,0.35,"Rouge",4,2
"69632",69632,53.78,0.71,"Bleu",4,3
"69805",69805,38.71,0.3,"Jaune",5,1
"69827",69827,49.05,1,"Bleu",2,2
"69893",69893,36.35,0.31,"Jaune",5,1
"69961",69961,62.75,0.9,"Rouge",5,2
"69986",69986,39.58,0.7,"Jaune",2,1
"70020",70020,30.42,0.83,"Rouge",2,1
"70172",70172,70.06,1.03,"Bleu",5,3
"70280",70280,77.24,1.15,"Jaune",5,3
"70491",70491,26.13,0.38,"Bleu",5,2
"70514",70514,53,1.03,"Rouge",4,3
"70659",70659,29.01,0.57,"Bleu",4,1
"70930",70930,48.55,0.62,"Rouge",5,3
"70937",70937,47.26,0.3,"Bleu",5,2
"71097",71097,26.89,0.31,"Bleu",5,2
"71101",71101,61.24,1.23,"Jaune",2,1
"71108",71108,63.01,1.1,"Jaune",5,2
"71113",71113,26.2,0.32,"Bleu",5,1
"71209",71209,89.93,2.06,"Bleu",3,2
"71421",71421,40.65,0.73,"Bleu",5,1
"71500",71500,58.35,1,"Bleu",5,2
"71517",71517,24.28,0.44,"Bleu",5,2
"71549",71549,54.33,1.1,"Jaune",3,1
"71570",71570,42.77,0.43,"Rouge",5,1
"71594",71594,23.91,0.32,"Bleu",3,3
"71632",71632,28.86,0.4,"Bleu",3,1
"71663",71663,34.01,0.52,"Bleu",2,3
"71707",71707,43.96,0.71,"Rouge",4,3
"71838",71838,62.02,0.71,"Bleu",5,3
"71859",71859,47.07,0.91,"Jaune",4,1
"71897",71897,63.3,1.02,"Jaune",5,1
"71994",71994,54.03,1.03,"Bleu",3,2
"72022",72022,46.63,0.5,"Jaune",5,1
"72047",72047,33.47,0.4,"Jaune",5,3
"72068",72068,91.1,1.62,"Rouge",5,2
"72197",72197,33.39,0.3,"Jaune",5,1
"72393",72393,30.86,0.7,"Bleu",3,1
"72411",72411,45.11,0.58,"Bleu",5,2
"72503",72503,38.85,0.55,"Bleu",2,1
"72525",72525,76.75,1.28,"Rouge",5,2
"72528",72528,43.45,1.07,"Bleu",4,1
"72629",72629,58.81,1.52,"Rouge",4,3
"72630",72630,60.49,2.01,"Rouge",1,1
"72642",72642,33.43,0.4,"Bleu",5,2
"72651",72651,33.3,0.3,"Rouge",5,1
"72674",72674,44.54,0.9,"Bleu",4,2
"72677",72677,32.32,0.58,"Bleu",5,1
"72686",72686,35.86,0.31,"Bleu",4,2
"72734",72734,49.65,0.91,"Rouge",4,1
"72790",72790,30.15,0.31,"Bleu",3,3
"72820",72820,29.85,0.4,"Bleu",3,3
"72910",72910,41.85,1.02,"Bleu",3,2
"73022",73022,35.32,0.31,"Rouge",3,1
"73088",73088,50.98,1.14,"Jaune",3,2
"73144",73144,22,0.31,"Jaune",5,2
"73251",73251,76.74,1.25,"Rouge",5,1
"73385",73385,58.17,1.01,"Rouge",2,2
"73464",73464,15.4,0.5,"Bleu",2,1
"73533",73533,38.08,0.52,"Rouge",5,1
"73747",73747,27.49,0.27,"Bleu",5,2
"73790",73790,26.34,0.41,"Jaune",5,1
"73913",73913,41.67,0.51,"Bleu",5,1
"74056",74056,39.04,0.59,"Bleu",4,3
"74060",74060,21.09,0.23,"Bleu",2,1
"74148",74148,52.74,0.92,"Bleu",3,1
"74173",74173,33.69,0.44,"Rouge",4,2
"74214",74214,72.5,1.12,"Bleu",5,3
"74236",74236,52.15,1.13,"Bleu",4,1
"74314",74314,36.01,0.52,"Rouge",5,2
"74439",74439,23.76,0.39,"Bleu",3,2
"74526",74526,82.57,1.51,"Rouge",5,1
"74799",74799,40.46,0.82,"Rouge",4,1
"74809",74809,53.8,1.11,"Rouge",4,2
"74844",74844,66.46,1.6,"Bleu",3,3
"74906",74906,44.38,0.73,"Bleu",4,3
"75049",75049,45.16,0.7,"Jaune",2,1
"75088",75088,51.65,0.7,"Jaune",5,1
"75093",75093,39.31,0.71,"Jaune",4,2
"75110",75110,44.54,0.9,"Bleu",2,2
"75166",75166,24.69,0.3,"Rouge",2,2
"75175",75175,46.73,1,"Bleu",3,1
"75249",75249,58.71,1.03,"Bleu",5,1
"75319",75319,41.52,0.72,"Bleu",4,3
"75381",75381,49.73,0.41,"Bleu",5,2
"75429",75429,98.04,2.14,"Bleu",4,3
"75756",75756,65.75,1.05,"Bleu",5,2
"75760",75760,47.04,0.52,"Rouge",5,1
"75800",75800,46.53,0.41,"Rouge",5,1
"75817",75817,64.78,1.54,"Bleu",4,1
"75835",75835,67.7,1.2,"Bleu",4,3
"75840",75840,54.73,0.92,"Bleu",5,1
"75858",75858,37.87,0.71,"Bleu",4,1
"75929",75929,40.16,0.26,"Jaune",5,2
"76006",76006,31.55,0.3,"Rouge",5,1
"76029",76029,40.38,0.52,"Bleu",4,1
"76082",76082,45.17,0.59,"Jaune",5,1
"76109",76109,33.9,0.53,"Bleu",5,3
"76128",76128,40.52,0.87,"Rouge",4,1
"76180",76180,78.33,1.64,"Rouge",4,2
"76249",76249,46.28,0.53,"Jaune",2,1
"76298",76298,22.63,0.33,"Bleu",4,1
"76411",76411,78.62,1.11,"Jaune",5,1
"76414",76414,33.29,0.55,"Jaune",4,2
"76470",76470,36.32,0.37,"Bleu",5,2
"76774",76774,78.34,1.7,"Rouge",4,1
"76892",76892,62.13,1.04,"Jaune",5,2
"76965",76965,48.76,1.09,"Rouge",1,3
"76998",76998,31.72,0.51,"Bleu",4,1
"77264",77264,79.84,1.56,"Bleu",5,1
"77342",77342,34.42,0.52,"Bleu",5,2
"77453",77453,18.64,0.27,"Jaune",5,2
"77464",77464,40.29,0.71,"Bleu",5,1
"77584",77584,65.94,1.51,"Rouge",4,2
"77609",77609,47.85,0.81,"Rouge",5,1
"77613",77613,35.93,0.5,"Rouge",4,1
"77727",77727,123.84,2,"Jaune",5,2
"77770",77770,56.42,0.95,"Rouge",4,2
"77833",77833,30.95,0.6,"Bleu",2,1
"77839",77839,25.05,0.53,"Jaune",3,3
"78024",78024,34.47,0.39,"Jaune",5,1
"78056",78056,42.48,1,"Rouge",4,1
"78179",78179,28.61,0.32,"Bleu",5,1
"78197",78197,53.11,1.14,"Bleu",4,1
"78206",78206,33.43,0.39,"Bleu",5,2
"78291",78291,44.29,0.61,"Bleu",5,3
"78360",78360,35.6,0.51,"Bleu",5,1
"78426",78426,37.03,0.31,"Rouge",5,3
"78597",78597,29.77,0.3,"Bleu",5,3
"78724",78724,48.98,0.58,"Bleu",5,1
"78803",78803,41.97,0.44,"Rouge",5,1
"78818",78818,30.37,0.73,"Bleu",3,3
"78869",78869,90.07,1.21,"Jaune",5,1
"78902",78902,58.72,1.51,"Bleu",4,1
"78941",78941,37.58,0.31,"Jaune",4,3
"79003",79003,27.19,0.5,"Rouge",2,1
"79204",79204,20.16,0.4,"Bleu",5,1
"79241",79241,63.79,0.88,"Jaune",5,1
"79427",79427,52.36,1.07,"Rouge",3,1
"79673",79673,54.26,0.9,"Bleu",2,1
"79748",79748,86.32,1.56,"Bleu",5,2
"79757",79757,42.4,0.7,"Jaune",3,2
"79773",79773,56.74,1.5,"Rouge",2,1
"79862",79862,29.6,0.32,"Rouge",5,3
"79946",79946,36.51,0.61,"Bleu",5,3
"80034",80034,74.08,1.4,"Bleu",5,2
"80062",80062,82.92,1.29,"Jaune",5,3
"80126",80126,50.91,0.93,"Bleu",5,1
"80150",80150,97.08,1.7,"Rouge",5,1
"80155",80155,49.08,1,"Bleu",3,2
"80200",80200,62.31,1.27,"Bleu",4,3
"80254",80254,56.09,0.89,"Bleu",5,2
"80315",80315,51.54,0.9,"Rouge",2,2
"80320",80320,41.62,0.71,"Rouge",3,3
"80323",80323,50.69,1.06,"Jaune",4,3
"80403",80403,42.73,0.54,"Rouge",5,3
"80510",80510,28.47,0.32,"Bleu",5,1
"80519",80519,61.55,1.26,"Bleu",3,2
"80608",80608,53.04,0.52,"Rouge",5,1
"80712",80712,70.61,0.9,"Jaune",5,1
"80727",80727,30.17,0.59,"Jaune",2,2
"80730",80730,45.59,0.4,"Bleu",5,1
"80750",80750,88.51,2.01,"Rouge",4,3
"80768",80768,49.8,0.65,"Bleu",5,2
"80893",80893,84.12,1.54,"Rouge",5,1
"80932",80932,52.3,0.71,"Bleu",5,3
"81014",81014,34.34,0.31,"Bleu",5,2
"81122",81122,58.39,0.9,"Bleu",5,3
"81232",81232,34.75,0.32,"Jaune",4,1
"81279",81279,32.08,0.34,"Jaune",4,2
"81332",81332,36.93,0.3,"Rouge",5,2
"81337",81337,41.38,0.4,"Jaune",5,2
"81482",81482,79.5,2.11,"Rouge",3,1
"81597",81597,47.91,1.04,"Rouge",2,2
"81614",81614,33.83,0.53,"Jaune",3,1
"81645",81645,48.38,1.2,"Bleu",4,1
"81673",81673,27.49,0.28,"Rouge",5,3
"81846",81846,45.66,0.71,"Jaune",3,3
"81858",81858,38.11,0.84,"Rouge",1,1
"81928",81928,49.74,1.01,"Rouge",2,3
"81988",81988,25.37,0.7,"Rouge",3,2
"82016",82016,43.77,1.01,"Bleu",3,2
"82063",82063,51.63,1.01,"Rouge",3,1
"82191",82191,16.57,0.4,"Bleu",5,1
"82207",82207,32.2,0.32,"Rouge",5,2
"82267",82267,71.03,1.72,"Rouge",4,1
"82336",82336,42.72,0.57,"Rouge",5,1
"82507",82507,65.17,1.68,"Rouge",3,2
"82587",82587,43.73,0.52,"Bleu",5,1
"82598",82598,51.28,1,"Rouge",3,3
"82602",82602,48.33,1,"Jaune",4,2
"82696",82696,24.71,0.32,"Rouge",5,3
"82716",82716,70.51,1.51,"Rouge",4,2
"82727",82727,31.43,0.62,"Jaune",5,1
"82935",82935,45.57,0.55,"Jaune",5,1
"82988",82988,50.38,0.55,"Jaune",5,1
"83007",83007,31.3,0.41,"Bleu",5,1
"83088",83088,44.78,0.58,"Rouge",5,2
"83151",83151,49.86,0.95,"Jaune",4,2
"83167",83167,34.56,0.51,"Bleu",5,1
"83176",83176,61.49,1.01,"Rouge",4,1
"83182",83182,84.99,1.73,"Bleu",4,1
"83190",83190,25.19,0.53,"Bleu",4,1
"83213",83213,63.91,1.5,"Bleu",3,3
"83226",83226,46.71,1.02,"Jaune",3,1
"83232",83232,25.06,0.3,"Bleu",5,3
"83387",83387,27.96,0.77,"Rouge",2,2
"83429",83429,110.96,2,"Jaune",5,1
"83564",83564,47.82,0.52,"Rouge",5,2
"83667",83667,76.34,1.4,"Jaune",4,1
"83735",83735,23.9,0.32,"Rouge",3,3
"83894",83894,38.82,0.91,"Bleu",2,1
"83986",83986,55.54,1.3,"Bleu",3,2
"84029",84029,29.22,0.5,"Bleu",1,1
"84073",84073,51.2,1.01,"Jaune",4,1
"84443",84443,86,1.52,"Rouge",5,1
"84547",84547,43.51,0.91,"Rouge",4,2
"84671",84671,31.79,0.62,"Jaune",3,2
"84732",84732,59.93,1.06,"Bleu",5,1
"84746",84746,35.59,0.9,"Jaune",1,1
"84792",84792,34.84,0.46,"Jaune",3,3
"85020",85020,78.4,1.28,"Rouge",5,1
"85075",85075,34.04,0.33,"Bleu",5,2
"85246",85246,51.37,1.06,"Bleu",4,1
"85432",85432,32.4,0.51,"Jaune",5,3
"85489",85489,52.17,0.79,"Rouge",4,1
"85572",85572,46.35,1.06,"Rouge",3,2
"85583",85583,44.84,0.41,"Rouge",3,1
"85588",85588,29.64,0.42,"Bleu",5,2
"85867",85867,37.12,0.41,"Jaune",5,1
"85884",85884,46.76,1.05,"Rouge",2,1
"85908",85908,51.23,1.37,"Rouge",3,2
"85985",85985,73.79,1.11,"Rouge",5,1
"86046",86046,38.63,0.74,"Jaune",2,1
"86156",86156,27.08,0.35,"Rouge",4,3
"86365",86365,28.01,0.31,"Bleu",5,3
"86671",86671,59.37,1.1,"Jaune",4,3
"86847",86847,80.27,1.21,"Bleu",5,3
"86865",86865,20.03,0.34,"Bleu",5,3
"86989",86989,44.91,0.5,"Rouge",5,1
"87007",87007,29.87,0.4,"Jaune",3,1
"87037",87037,46.63,0.85,"Rouge",5,3
"87254",87254,22.68,0.23,"Bleu",3,2
"87302",87302,34.59,0.7,"Bleu",2,3
"87364",87364,25.33,0.41,"Rouge",5,1
"87426",87426,29.76,0.5,"Bleu",5,3
"87485",87485,24.06,0.43,"Rouge",3,2
"87630",87630,37.58,0.3,"Jaune",5,2
"87686",87686,71.75,1.27,"Rouge",4,1
"87775",87775,48.39,0.54,"Jaune",5,3
"87830",87830,41.98,0.56,"Rouge",4,1
"87913",87913,23.93,0.31,"Rouge",4,1
"87950",87950,40.87,0.41,"Bleu",5,3
"88100",88100,46.7,1.01,"Rouge",4,1
"88217",88217,70.03,1.01,"Rouge",5,1
"88235",88235,40.41,0.77,"Rouge",3,1
"88323",88323,90.61,2.29,"Jaune",4,2
"88364",88364,40.49,0.31,"Jaune",5,3
"88384",88384,16.84,0.27,"Bleu",5,1
"88417",88417,37.2,0.55,"Bleu",2,2
"88425",88425,48.97,1.03,"Rouge",5,2
"88458",88458,62.37,1.51,"Bleu",4,1
"88467",88467,31.1,0.4,"Bleu",5,2
"88618",88618,46.27,1.01,"Rouge",4,1
"88620",88620,55.94,1.01,"Jaune",2,3
"88647",88647,49.6,0.5,"Jaune",5,2
"88710",88710,73.93,1.2,"Jaune",4,1
"88780",88780,68.31,1.13,"Bleu",5,2
"88809",88809,30.47,0.59,"Bleu",5,1
"88823",88823,40.1,0.34,"Jaune",5,3
"88858",88858,18.56,0.3,"Rouge",5,3
"88929",88929,47.51,0.31,"Jaune",4,1
"88932",88932,39.64,1,"Rouge",2,2
"89000",89000,54.31,1.02,"Rouge",4,2
"89060",89060,72.96,1.5,"Rouge",4,3
"89080",89080,31.94,0.3,"Rouge",2,1
"89102",89102,55.92,0.73,"Rouge",5,1
"89104",89104,59.66,1.23,"Bleu",3,3
"89250",89250,30.67,0.23,"Bleu",3,1
"89370",89370,40.97,0.51,"Bleu",5,1
"89384",89384,50.99,1.02,"Rouge",4,1
"89489",89489,49.32,0.54,"Jaune",5,1
"89548",89548,42.19,0.79,"Bleu",4,2
"89725",89725,80.43,1.21,"Bleu",5,3
"89746",89746,18.15,0.38,"Jaune",3,3
"89821",89821,74.14,1.12,"Bleu",5,3
"89849",89849,43.1,0.56,"Rouge",5,2
"90016",90016,71.64,1.7,"Bleu",4,3
"90068",90068,22.89,0.31,"Rouge",3,1
"90252",90252,62.33,1.01,"Jaune",4,3
"90396",90396,42.64,0.46,"Jaune",5,2
"90512",90512,70.69,0.91,"Jaune",5,1
"90655",90655,41.82,0.3,"Jaune",5,3
"90743",90743,73.93,1.72,"Bleu",3,2
"90775",90775,23.86,0.37,"Jaune",5,2
"90777",90777,28.61,0.41,"Rouge",4,1
"90830",90830,60.7,0.82,"Jaune",5,1
"90913",90913,45.23,1.01,"Rouge",2,2
"90939",90939,68.65,0.97,"Bleu",5,2
"90963",90963,63.06,1.18,"Bleu",4,1
"91041",91041,19.65,0.31,"Bleu",4,2
"91059",91059,60.09,1.26,"Bleu",5,1
"91181",91181,30.1,0.3,"Jaune",4,3
"91304",91304,63.25,1.07,"Bleu",5,3
"91423",91423,42.68,0.5,"Bleu",4,3
"91579",91579,23.2,0.35,"Jaune",4,1
"91738",91738,95.96,1.7,"Jaune",5,3
"91802",91802,37.92,0.75,"Rouge",3,2
"91825",91825,55.7,1.02,"Rouge",3,2
"91868",91868,41.19,0.62,"Bleu",4,2
"92002",92002,27.17,0.57,"Rouge",3,2
"92023",92023,27.99,0.47,"Rouge",5,1
"92035",92035,44.26,0.44,"Rouge",4,3
"92057",92057,46.38,1.5,"Bleu",1,3
"92136",92136,47.61,0.61,"Jaune",5,3
"92191",92191,24.99,0.28,"Rouge",5,1
"92221",92221,32.61,0.32,"Bleu",5,3
"92322",92322,62.29,1.01,"Jaune",3,3
"92444",92444,38.13,0.3,"Rouge",5,3
"92468",92468,34.37,0.4,"Jaune",3,2
"92643",92643,51.04,0.71,"Jaune",3,3
"92658",92658,62.42,1,"Rouge",5,1
"92809",92809,58.51,0.82,"Rouge",4,2
"92866",92866,37.33,0.57,"Rouge",5,1
"93155",93155,32.58,0.36,"Bleu",4,1
"93175",93175,37.5,0.6,"Bleu",4,2
"93198",93198,37.24,0.9,"Jaune",3,1
"93231",93231,54.51,1.51,"Bleu",4,2
"93403",93403,90.04,2.27,"Rouge",4,2
"93435",93435,40.83,0.57,"Bleu",2,2
"93502",93502,45.67,0.73,"Bleu",5,2
"93512",93512,22.2,0.38,"Bleu",4,2
"93600",93600,25.98,0.4,"Bleu",1,2
"93613",93613,27.63,0.51,"Bleu",3,3
"93626",93626,12.47,0.31,"Bleu",3,1
"93642",93642,26.37,0.32,"Rouge",5,2
"93682",93682,34.08,0.58,"Rouge",2,2
"93824",93824,45.12,0.38,"Jaune",5,2
"93844",93844,29.16,0.59,"Rouge",3,3
"93969",93969,44.86,0.72,"Jaune",3,3
"93983",93983,48.12,0.79,"Bleu",3,1
"94055",94055,17.69,0.38,"Rouge",5,1
"94079",94079,46.89,0.53,"Bleu",5,1
"94216",94216,36.32,0.35,"Rouge",4,2
"94232",94232,27.43,0.75,"Rouge",2,2
"94253",94253,52.69,0.91,"Rouge",2,2
"94311",94311,23.42,0.3,"Rouge",4,2
"94366",94366,28.88,0.3,"Bleu",5,1
"94436",94436,37.24,0.4,"Jaune",5,1
"94528",94528,69.95,1.53,"Jaune",4,1
"94759",94759,26.44,0.36,"Bleu",4,1
"94769",94769,107.4,1.72,"Jaune",5,1
"94797",94797,38.11,0.51,"Rouge",5,1
"94835",94835,26.91,0.3,"Bleu",3,2
"94881",94881,45.96,0.9,"Bleu",2,2
"94951",94951,48.66,0.56,"Jaune",5,3
"95047",95047,94.65,1.5,"Jaune",5,1
"95058",95058,80.06,1.5,"Bleu",4,1
"95142",95142,87.06,2,"Bleu",4,2
"95256",95256,20.14,0.34,"Rouge",4,3
"95338",95338,51.4,0.56,"Jaune",5,1
"95416",95416,39.62,1.04,"Rouge",2,3
"95455",95455,33.21,0.33,"Bleu",5,2
"95574",95574,41.76,0.5,"Jaune",4,2
"95586",95586,31.71,0.46,"Bleu",3,1
"95593",95593,39.3,0.71,"Bleu",3,1
"95621",95621,55.39,1,"Rouge",4,1
"95647",95647,36.81,0.93,"Rouge",2,1
"95656",95656,34.83,0.52,"Rouge",4,3
"95708",95708,20.94,0.39,"Rouge",4,1
"95752",95752,53.44,0.91,"Bleu",4,1
"95903",95903,23.01,0.41,"Rouge",2,2
"96093",96093,31.7,0.41,"Rouge",3,2
"96219",96219,9.94,0.31,"Rouge",3,2
"96274",96274,71.22,1.5,"Bleu",4,2
"96491",96491,56.4,1.03,"Rouge",3,3
"96561",96561,38.58,0.6,"Jaune",3,1
"96605",96605,59.59,0.83,"Rouge",5,2
"96612",96612,35.46,0.51,"Jaune",3,2
"96630",96630,46.86,0.72,"Jaune",3,1
"96673",96673,39,1.05,"Bleu",4,1
"96850",96850,30.38,0.3,"Jaune",4,1
"96854",96854,30.14,0.43,"Bleu",2,3
"96887",96887,68.69,0.81,"Rouge",5,3
"96959",96959,80.79,1.51,"Rouge",5,2
"96984",96984,25.98,0.3,"Rouge",3,1
"97042",97042,27.42,0.43,"Rouge",5,3
"97104",97104,26.54,0.33,"Jaune",5,2
"97265",97265,52.38,1.35,"Bleu",2,3
"97340",97340,53.37,0.61,"Jaune",5,1
"97428",97428,41.32,0.33,"Bleu",5,3
"97520",97520,64.65,1.53,"Rouge",4,1
"97529",97529,46.02,0.89,"Rouge",4,1
"97534",97534,61.18,1.24,"Bleu",5,2
"97576",97576,33.62,1.07,"Bleu",1,1
"97688",97688,46.91,1.21,"Bleu",4,1
"97790",97790,20.13,0.41,"Jaune",3,3
"97841",97841,42.6,0.73,"Jaune",4,1
"97978",97978,48.11,1.11,"Bleu",4,1
"98041",98041,48.46,0.5,"Jaune",5,1
"98143",98143,22.34,0.31,"Rouge",4,3
"98310",98310,43.29,0.71,"Jaune",4,3
"98405",98405,60.68,1.06,"Rouge",4,2
"98437",98437,39.96,0.7,"Rouge",3,1
"98552",98552,37.21,0.28,"Jaune",5,2
"99126",99126,64.48,1.01,"Rouge",5,1
"99153",99153,32.42,0.27,"Rouge",5,2
"99165",99165,16.66,0.23,"Jaune",2,2
"99199",99199,68.43,1.27,"Jaune",4,1
"99267",99267,55.25,1.02,"Bleu",3,1
"99323",99323,36.04,0.33,"Rouge",5,3
"99339",99339,80.61,1.35,"Jaune",5,1
"99357",99357,54.24,0.54,"Jaune",5,2
"99382",99382,57.22,1.35,"Bleu",4,2
"99405",99405,46.12,1.02,"Bleu",4,1
"99450",99450,45.93,0.42,"Jaune",4,3
"99452",99452,29.99,0.31,"Rouge",5,3
"99556",99556,39.21,0.61,"Rouge",3,1
"99570",99570,34.71,0.3,"Jaune",3,3
"99668",99668,15.75,0.31,"Jaune",5,1
"99672",99672,69.85,1.5,"Bleu",3,3
"99697",99697,44.75,0.72,"Jaune",5,2
"99718",99718,21.03,0.3,"Bleu",3,3
"99799",99799,21.26,0.32,"Bleu",4,3
"99837",99837,51.56,1.03,"Jaune",3,1
"99854",99854,31.7,0.3,"Bleu",5,2
"99872",99872,78.27,1.71,"Bleu",3,3
"99972",99972,41.09,0.73,"Rouge",4,2
"100008",100008,59.72,1.01,"Bleu",5,1
"100046",100046,33.23,0.72,"Jaune",4,1
"100068",100068,29.64,0.42,"Bleu",4,3
"100087",100087,38.7,0.34,"Bleu",5,1
"100107",100107,56.14,0.78,"Bleu",5,3
"100113",100113,32.4,0.35,"Bleu",5,3
"100248",100248,27.59,0.34,"Rouge",4,3
"100264",100264,23.28,0.71,"Bleu",3,3
"100276",100276,39.48,0.73,"Rouge",4,3
"100356",100356,51.61,1.01,"Jaune",2,3
"100484",100484,52.04,1.01,"Bleu",5,3
"100609",100609,45.04,0.88,"Jaune",3,3
"100770",100770,40.8,0.3,"Jaune",5,1
"100852",100852,40.95,0.36,"Bleu",5,2
"100893",100893,31.75,0.43,"Bleu",5,3
"100942",100942,48.8,0.51,"Jaune",4,3
"101017",101017,91.02,1.58,"Rouge",5,1
"101157",101157,62.71,1.08,"Rouge",5,3
"101217",101217,18.06,0.4,"Bleu",3,3
"101293",101293,29.73,0.41,"Jaune",4,1
"101464",101464,61.57,1.02,"Jaune",4,1
"101533",101533,41.36,0.4,"Bleu",5,1
"101535",101535,42.91,0.73,"Rouge",5,3
"101640",101640,54.87,0.52,"Jaune",5,3
"101714",101714,24.48,0.3,"Bleu",4,2
"101728",101728,38.26,1,"Bleu",3,2
"101769",101769,24.17,0.3,"Rouge",5,1
"101845",101845,27.1,0.31,"Rouge",5,1
"101929",101929,86.51,1.65,"Rouge",5,1
"102016",102016,43.56,1,"Rouge",3,1
"102031",102031,32.16,0.31,"Rouge",5,1
"102048",102048,62.08,1.22,"Jaune",4,1
"102236",102236,34.13,0.3,"Bleu",3,1
"102288",102288,31.23,0.31,"Jaune",5,2
"102322",102322,75.28,1.52,"Bleu",4,1
"102399",102399,45.56,0.92,"Bleu",3,3
"102570",102570,47.42,0.71,"Bleu",4,1
"102800",102800,24.63,0.29,"Bleu",4,3
"102903",102903,32.93,0.53,"Rouge",3,2
"103092",103092,59.01,1,"Jaune",4,2
"103152",103152,81.94,1.34,"Bleu",5,1
"103286",103286,35.28,0.35,"Rouge",5,1
"103321",103321,105.83,1.76,"Rouge",5,1
"103409",103409,36.32,0.59,"Rouge",4,2
"103529",103529,14.23,0.31,"Bleu",4,1
"103580",103580,26.4,0.7,"Jaune",2,3
"103663",103663,74.31,2.03,"Rouge",3,3
"103686",103686,63.39,1.02,"Bleu",3,1
"103718",103718,46.67,1.01,"Rouge",2,3
"103753",103753,106.37,2.06,"Jaune",5,3
"103763",103763,102.24,2.01,"Rouge",4,3
"103770",103770,85.68,2.04,"Rouge",4,1
"103795",103795,71.2,1.09,"Jaune",5,1
"103965",103965,22.15,0.31,"Bleu",5,2
"103969",103969,54.3,0.7,"Jaune",5,1
"103988",103988,50.06,1,"Rouge",3,2
"104204",104204,40.17,1,"Rouge",2,1
"104233",104233,41.91,0.34,"Jaune",5,3
"104246",104246,22.25,0.26,"Bleu",2,3
"104491",104491,30.86,0.71,"Jaune",2,1
"104523",104523,50.21,0.56,"Rouge",4,2
"104629",104629,29.71,0.52,"Rouge",5,3
"104715",104715,35.7,0.3,"Rouge",1,1
"104900",104900,32.01,0.41,"Rouge",5,2
"104973",104973,42.72,0.72,"Bleu",3,2
"105027",105027,57.99,0.7,"Jaune",2,2
"105159",105159,40.81,0.52,"Jaune",5,3
"105167",105167,75.48,1.5,"Bleu",4,1
"105175",105175,23.72,0.33,"Bleu",4,1
"105186",105186,50.31,1.03,"Bleu",4,2
"105188",105188,71.21,1.07,"Jaune",5,3
"105195",105195,53.96,0.42,"Rouge",5,3
"105246",105246,54.59,0.84,"Jaune",3,3
"105287",105287,74.19,2.01,"Bleu",4,3
"105288",105288,62.39,2.14,"Bleu",2,1
"105316",105316,44.53,1,"Rouge",2,2
"105335",105335,36.96,0.31,"Bleu",5,2
"105375",105375,29.05,0.5,"Jaune",3,3
"105403",105403,27.02,0.33,"Jaune",5,2
"105458",105458,92.1,2.37,"Jaune",4,1
"105562",105562,81.13,2.01,"Rouge",4,1
"105609",105609,59.92,0.71,"Bleu",5,2
"105707",105707,43.54,0.43,"Bleu",5,1
"105734",105734,75.95,1.2,"Rouge",5,1
"105774",105774,44.58,0.7,"Bleu",5,1
"105872",105872,73.27,1.25,"Bleu",3,1
"105875",105875,22.2,0.31,"Rouge",4,1
"106024",106024,65.84,1.72,"Bleu",4,1
"106096",106096,45.34,0.35,"Jaune",5,1
"106153",106153,26.01,0.3,"Bleu",5,2
"106203",106203,20.62,0.32,"Jaune",5,3
"106212",106212,56.65,1.51,"Bleu",4,1
"106266",106266,20.69,0.32,"Rouge",5,3
"106338",106338,69.39,1.08,"Bleu",5,1
"106345",106345,27.27,0.33,"Jaune",4,1
"106530",106530,50.16,0.41,"Jaune",5,3
"106532",106532,46.64,0.52,"Bleu",5,2
"106546",106546,26,0.34,"Bleu",5,2
"106560",106560,88.63,1.67,"Bleu",4,1
"106714",106714,42.37,0.35,"Bleu",5,2
"106778",106778,37.02,0.8,"Bleu",3,1
"106839",106839,60.2,0.52,"Jaune",5,2
"106868",106868,52.44,1.06,"Bleu",2,1
"106949",106949,23.48,0.21,"Rouge",4,2
"107228",107228,12.95,0.39,"Rouge",4,2
"107232",107232,56.07,1.14,"Rouge",3,3
"107319",107319,25.4,0.7,"Rouge",3,1
"107423",107423,33.49,0.3,"Rouge",5,1
"107445",107445,37.86,0.41,"Rouge",5,1
"107460",107460,67.87,1.11,"Bleu",5,2
"107461",107461,43.17,1.05,"Bleu",3,1
"107465",107465,46.2,0.7,"Bleu",5,3
"107600",107600,78.44,1.36,"Bleu",5,3
"107605",107605,53.55,0.76,"Bleu",5,1
"107617",107617,29.27,0.3,"Bleu",3,2
"107635",107635,28.82,0.34,"Bleu",5,3
"107763",107763,49.97,1.01,"Bleu",3,2
"107794",107794,61.93,1,"Bleu",5,1
"107810",107810,64.07,1.12,"Bleu",5,1
"107820",107820,40.65,0.71,"Bleu",3,1
"107863",107863,38.63,0.42,"Bleu",5,1
"107906",107906,77.6,1.74,"Jaune",2,1
"107955",107955,41.02,0.52,"Bleu",5,2
"108049",108049,51.84,0.4,"Bleu",5,3
"108070",108070,93.43,1.51,"Jaune",5,3
"108143",108143,63.76,1.54,"Rouge",2,2
"108232",108232,64.81,1.06,"Jaune",4,2
"108248",108248,22.04,0.3,"Bleu",5,2
"108394",108394,45.62,0.52,"Bleu",5,1
"108479",108479,67.2,1.01,"Bleu",5,1
"108505",108505,38.07,0.43,"Bleu",5,1
"108564",108564,110.03,2.06,"Bleu",5,2
"108667",108667,52.89,0.76,"Jaune",5,3
"108780",108780,37.42,0.7,"Rouge",2,2
"108924",108924,52.4,1,"Jaune",4,1
"109032",109032,59.78,1.51,"Rouge",2,1
"109129",109129,61.65,1.01,"Bleu",3,1
"109141",109141,42.68,0.43,"Rouge",4,2
"109158",109158,132.1,2.25,"Jaune",5,1
"109235",109235,23.75,0.25,"Rouge",4,1
"109247",109247,50.72,1.06,"Bleu",3,1
"109248",109248,64.65,1,"Jaune",5,2
"109266",109266,29.37,0.32,"Rouge",3,3
"109501",109501,33.93,0.31,"Rouge",4,3
"109676",109676,74,1.19,"Bleu",5,3
"109735",109735,62.48,1.5,"Rouge",3,3
"109835",109835,22.32,0.4,"Bleu",5,2
"109897",109897,27.3,0.34,"Rouge",5,2
"109954",109954,23.32,0.32,"Jaune",5,1
"109999",109999,40.34,0.73,"Rouge",3,1
"110017",110017,57.5,1.11,"Bleu",4,2
"110212",110212,38.91,0.28,"Bleu",5,1
"110229",110229,63.71,1.04,"Bleu",5,1
"110321",110321,64.12,1.24,"Rouge",5,3
"110532",110532,28.83,0.32,"Bleu",3,1
"110832",110832,58.77,1.02,"Bleu",5,3
"110834",110834,30.95,0.34,"Bleu",4,1
"110852",110852,51.63,0.74,"Bleu",5,1
"111456",111456,68.25,2.01,"Bleu",2,3
"111573",111573,49.7,0.77,"Jaune",5,2
"111584",111584,57.53,1.01,"Bleu",3,1
"111616",111616,49.04,0.96,"Jaune",3,1
"111635",111635,33.72,0.9,"Jaune",3,1
"111642",111642,69.78,1.15,"Rouge",5,2
"111963",111963,48.07,0.84,"Bleu",5,1
"111967",111967,48.97,0.9,"Rouge",3,2
"112063",112063,28.94,0.32,"Bleu",5,3
"112216",112216,23.97,0.3,"Bleu",5,1
"112236",112236,42.41,0.64,"Jaune",2,1
"112314",112314,79.21,1.64,"Rouge",3,2
"112442",112442,34.71,0.7,"Jaune",3,1
"112451",112451,45.47,1.23,"Rouge",4,1
"112492",112492,32.41,0.4,"Jaune",5,2
"112604",112604,22.69,0.51,"Bleu",4,1
"112620",112620,27.29,0.32,"Rouge",5,2
"112718",112718,36.87,0.3,"Rouge",2,3
"112872",112872,19.23,0.51,"Rouge",3,3
"112879",112879,70.83,1.27,"Jaune",3,1
"112936",112936,44.07,1.01,"Jaune",2,1
"113009",113009,68.09,1.51,"Rouge",4,1
"113017",113017,27.05,0.42,"Jaune",5,2
"113121",113121,59.63,0.57,"Rouge",5,1
"113124",113124,54.68,0.71,"Jaune",5,2
"113136",113136,51.86,1.07,"Bleu",4,1
"113230",113230,38.28,0.53,"Bleu",5,2
"113245",113245,47.71,0.73,"Rouge",5,1
"113247",113247,35.56,0.33,"Bleu",5,3
"113271",113271,40.59,0.9,"Jaune",2,2
"113310",113310,56.97,1,"Bleu",5,1
"113345",113345,54.97,1,"Jaune",4,1
"113414",113414,55.77,1,"Rouge",3,2
"113455",113455,44.11,0.91,"Rouge",3,1
"113493",113493,37.11,0.53,"Rouge",2,2
"113546",113546,52.79,0.81,"Rouge",3,3
"113619",113619,37.04,0.32,"Bleu",3,1
"113727",113727,23.02,0.3,"Rouge",5,2
"113769",113769,69.26,1.04,"Jaune",5,3
"113787",113787,62.9,1.1,"Jaune",4,1
"113849",113849,53.91,1.08,"Bleu",4,3
"113906",113906,38,0.47,"Jaune",5,1
"114108",114108,77.85,1.2,"Jaune",4,1
"114155",114155,35.82,0.38,"Jaune",5,2
"114295",114295,24.77,0.28,"Bleu",3,1
"114360",114360,62.13,0.91,"Rouge",5,3
"114365",114365,39.65,0.72,"Rouge",3,1
"114376",114376,85.69,2.03,"Bleu",3,3
"114383",114383,20.27,0.63,"Bleu",1,1
"114442",114442,74.25,1.51,"Bleu",4,2
"114509",114509,35.74,0.31,"Jaune",4,2
"114531",114531,23.61,0.31,"Bleu",4,1
"114660",114660,22.72,0.52,"Rouge",3,1
"114705",114705,66.25,1.01,"Bleu",5,1
"114761",114761,26.43,0.39,"Rouge",5,2
"114809",114809,50.84,1.05,"Rouge",4,2
"114848",114848,60.11,1.01,"Jaune",3,1
"114959",114959,59,0.7,"Rouge",5,1
"115020",115020,30.03,0.35,"Bleu",5,2
"115050",115050,45.61,0.7,"Jaune",2,3
"115161",115161,35.54,0.75,"Bleu",3,3
"115164",115164,26.43,0.71,"Rouge",4,1
"115336",115336,32.12,0.3,"Bleu",5,1
"115591",115591,34.01,0.77,"Rouge",4,1
"115679",115679,39.35,0.71,"Jaune",3,1
"115689",115689,48.13,1,"Bleu",4,1
"115706",115706,53.58,0.53,"Jaune",5,2
"115780",115780,96.16,1.58,"Jaune",5,1
"115823",115823,65.74,1.09,"Bleu",5,3
"115864",115864,52.51,1.1,"Rouge",3,3
"115967",115967,33.06,0.24,"Jaune",4,1
"116086",116086,32.09,0.55,"Bleu",5,2
"116104",116104,26.75,0.32,"Bleu",4,2
"116122",116122,37.53,1.02,"Rouge",2,3
"116141",116141,39.86,0.37,"Rouge",5,1
"116207",116207,43.43,1.02,"Rouge",4,3
"116300",116300,36.79,0.34,"Bleu",5,3
"116371",116371,33.64,0.5,"Bleu",5,1
"116383",116383,47.83,1.01,"Rouge",4,1
"116471",116471,37.48,0.53,"Jaune",3,2
"116586",116586,29.92,0.37,"Bleu",5,2
"116602",116602,66.95,1.54,"Jaune",4,2
"116666",116666,37.28,0.31,"Bleu",4,1
"116803",116803,28.63,0.73,"Bleu",2,2
"116820",116820,31.91,0.3,"Rouge",5,3
"116992",116992,75.17,1.53,"Rouge",3,3
"117045",117045,31.36,0.5,"Bleu",4,2
"117064",117064,48.53,0.77,"Bleu",5,1
"117147",117147,64.62,1.13,"Bleu",4,1
"117260",117260,30.42,0.34,"Rouge",5,2
"117367",117367,67.96,1.24,"Jaune",5,2
"117421",117421,29.31,0.24,"Rouge",2,3
"117533",117533,96.04,1.63,"Bleu",5,3
"117541",117541,40.07,0.28,"Jaune",2,1
"117552",117552,65.4,1.09,"Bleu",5,2
"117579",117579,31.02,0.41,"Rouge",5,2
"117601",117601,105.54,2.38,"Jaune",4,3
"117609",117609,37.51,0.31,"Rouge",5,3
"117628",117628,31.02,0.32,"Bleu",5,1
"117639",117639,26.79,0.41,"Bleu",5,1
"117678",117678,54.96,0.9,"Jaune",4,2
"117766",117766,44.43,0.9,"Jaune",2,1
"117997",117997,40.02,0.7,"Rouge",3,2
"118114",118114,38.21,1.05,"Jaune",2,1
"118116",118116,57.41,0.7,"Rouge",5,3
"118128",118128,34.93,0.31,"Jaune",3,1
"118145",118145,49.73,0.74,"Rouge",5,2
"118191",118191,38.53,0.58,"Jaune",3,3
"118200",118200,22.65,0.31,"Rouge",3,2
"118312",118312,45.55,0.56,"Jaune",4,1
"118355",118355,19.24,0.3,"Rouge",5,1
"118359",118359,42.71,0.43,"Rouge",5,3
"118373",118373,34.96,0.33,"Jaune",2,3
"118414",118414,40.51,1.01,"Rouge",4,2
"118551",118551,32.89,0.3,"Jaune",5,3
"118571",118571,26.36,0.32,"Bleu",2,2
"118640",118640,33.43,0.59,"Rouge",5,1
"118663",118663,46.55,1.31,"Bleu",3,3
"118750",118750,41.76,0.7,"Jaune",3,1
"118755",118755,38,0.32,"Bleu",5,1
"118784",118784,86.91,1.65,"Bleu",4,1
"118954",118954,28.28,0.31,"Rouge",5,3
"118994",118994,25.3,0.53,"Rouge",3,1
"119058",119058,64.4,0.56,"Jaune",5,1
"119124",119124,59.89,1.5,"Bleu",2,3
"119175",119175,27.28,0.59,"Rouge",2,2
"119177",119177,76.08,1.27,"Bleu",5,3
"119229",119229,41.98,0.71,"Rouge",4,1
"119270",119270,18.32,0.31,"Jaune",5,3
"119287",119287,16.93,0.31,"Bleu",2,1
"119316",119316,66.39,1.13,"Rouge",5,1
"119485",119485,34.75,0.34,"Bleu",4,3
"119493",119493,59.31,1.13,"Jaune",4,1
"119542",119542,31.2,0.36,"Rouge",4,1
"119582",119582,67.4,1.15,"Jaune",5,1
"119586",119586,54.81,1.19,"Bleu",4,2
"119689",119689,48.6,1.03,"Rouge",2,3
"119965",119965,17.27,0.31,"Rouge",5,1
"119968",119968,41.78,0.57,"Jaune",4,2
"119981",119981,50.65,0.51,"Bleu",5,3
"120160",120160,80.54,1.26,"Jaune",5,1
"120340",120340,51.13,0.7,"Bleu",5,3
"120359",120359,69.21,1.25,"Jaune",5,3
"120462",120462,48.76,0.51,"Rouge",5,3
"120544",120544,41.8,0.9,"Rouge",4,3
"120558",120558,35.35,0.51,"Jaune",5,1
"120606",120606,22.94,0.4,"Rouge",4,1
"120649",120649,42.78,0.7,"Rouge",3,3
"120714",120714,43.91,0.83,"Rouge",5,3
"120725",120725,75.89,2.01,"Bleu",3,2
"120918",120918,40.38,0.57,"Bleu",5,1
"120986",120986,24.12,0.43,"Bleu",5,3
"121021",121021,55.26,0.42,"Jaune",5,1
"121166",121166,88.68,2,"Rouge",3,2
