;Id;Poids;Couleur;Régularité;Intensité;ID_unit;Prob;Stratum
512;512;1,04;Bleu;3;4;510;0,00083717;1
3799;3799;1,01;Bleu;1;4;3785;0,00083717;1
5013;5013;0,7;Rouge;1;4;4996;0,00083717;1
10724;10724;0,75;Rouge;3;4;10689;0,00083717;1
11187;11187;0,32;Rouge;2;4;11152;0,00083717;1
18194;18194;0,42;Rouge;1;4;18139;0,00083717;1
19221;19221;0,26;Rouge;2;4;19166;0,00083717;1
24823;24823;2;Jaune;3;4;24746;0,00083717;1
28346;28346;0,71;Bleu;2;4;28253;0,00083717;1
31245;31245;0,33;Bleu;1;4;31147;0,00083717;1
31885;31885;1,05;Bleu;3;4;31780;0,00083717;1
35122;35122;1,06;Rouge;3;4;35008;0,00083717;1
35471;35471;1,07;Bleu;1;4;35353;0,00083717;1
37522;37522;0,45;Jaune;1;4;37400;0,00083717;1
38149;38149;1;Rouge;3;4;38024;0,00083717;1
41260;41260;0,38;Bleu;1;4;41127;0,00083717;1
42019;42019;1,23;Bleu;1;4;41886;0,00083717;1
47591;47591;0,32;Bleu;3;4;47434;0,00083717;1
66177;66177;0,73;Bleu;3;4;65966;0,00083717;1
70218;70218;0,38;Bleu;1;4;69996;0,00083717;1
81040;81040;0,52;Bleu;1;4;80772;0,00083717;1
87763;87763;1;Rouge;1;4;87474;0,00083717;1
90029;90029;0,55;Rouge;1;4;89735;0,00083717;1
94863;94863;0,41;Bleu;3;4;94554;0,00083717;1
109435;109435;1,01;Bleu;3;4;109078;0,00083717;1
111778;111778;0,9;Bleu;1;4;111417;0,00083717;1
1764;1764;0,34;Bleu;1;5;1759;0,002852418;2
2889;2889;0,32;Rouge;3;5;2879;0,002852418;2
8030;8030;0,3;Jaune;2;5;8004;0,002852418;2
8561;8561;1,02;Jaune;2;5;8533;0,002852418;2
8614;8614;1,71;Rouge;1;5;8586;0,002852418;2
11207;11207;1,03;Rouge;1;5;11172;0,002852418;2
11268;11268;0,71;Rouge;3;5;11233;0,002852418;2
11338;11338;0,42;Jaune;3;5;11303;0,002852418;2
12391;12391;1;Bleu;2;5;12353;0,002852418;2
12698;12698;0,3;Jaune;1;5;12659;0,002852418;2
13103;13103;0,7;Bleu;1;5;13064;0,002852418;2
14043;14043;0,3;Bleu;3;5;14000;0,002852418;2
14047;14047;1,01;Rouge;3;5;14004;0,002852418;2
16664;16664;0,71;Jaune;1;5;16611;0,002852418;2
16794;16794;0,51;Rouge;1;5;16741;0,002852418;2
17690;17690;1,35;Bleu;1;5;17637;0,002852418;2
18249;18249;0,94;Bleu;3;5;18194;0,002852418;2
18814;18814;0,31;Jaune;1;5;18759;0,002852418;2
19919;19919;0,31;Bleu;2;5;19860;0,002852418;2
20100;20100;0,3;Rouge;2;5;20041;0,002852418;2
20320;20320;0,3;Bleu;2;5;20261;0,002852418;2
20482;20482;1,49;Rouge;3;5;20423;0,002852418;2
22157;22157;1,53;Rouge;1;5;22089;0,002852418;2
22319;22319;0,31;Rouge;3;5;22250;0,002852418;2
22687;22687;0,34;Rouge;1;5;22618;0,002852418;2
23209;23209;0,71;Rouge;1;5;23139;0,002852418;2
25569;25569;0,23;Rouge;1;5;25486;0,002852418;2
26423;26423;1,12;Rouge;3;5;26338;0,002852418;2
26563;26563;2;Bleu;2;5;26477;0,002852418;2
27027;27027;0,76;Rouge;3;5;26938;0,002852418;2
27076;27076;0,54;Jaune;1;5;26987;0,002852418;2
28702;28702;0,71;Bleu;2;5;28608;0,002852418;2
29874;29874;0,4;Rouge;2;5;29778;0,002852418;2
30920;30920;1,01;Jaune;1;5;30822;0,002852418;2
30930;30930;0,91;Jaune;3;5;30832;0,002852418;2
32372;32372;2,03;Bleu;2;5;32264;0,002852418;2
33360;33360;1,21;Jaune;3;5;33250;0,002852418;2
34075;34075;1,03;Rouge;1;5;33964;0,002852418;2
35352;35352;1,31;Rouge;1;5;35234;0,002852418;2
35653;35653;1,09;Jaune;2;5;35535;0,002852418;2
37139;37139;1,61;Rouge;2;5;37017;0,002852418;2
37702;37702;0,46;Rouge;3;5;37580;0,002852418;2
37919;37919;0,3;Rouge;1;5;37796;0,002852418;2
38080;38080;1,55;Rouge;3;5;37956;0,002852418;2
40362;40362;0,3;Rouge;2;5;40233;0,002852418;2
40787;40787;1,74;Rouge;2;5;40656;0,002852418;2
45306;45306;0,34;Rouge;3;5;45158;0,002852418;2
45993;45993;0,71;Bleu;1;5;45843;0,002852418;2
46945;46945;0,35;Bleu;1;5;46792;0,002852418;2
47097;47097;0,7;Bleu;1;5;46943;0,002852418;2
47806;47806;1,2;Rouge;3;5;47648;0,002852418;2
50896;50896;1,04;Jaune;2;5;50732;0,002852418;2
52745;52745;1,21;Rouge;1;5;52579;0,002852418;2
53393;53393;0,32;Rouge;3;5;53226;0,002852418;2
53736;53736;0,79;Rouge;1;5;53569;0,002852418;2
54369;54369;0,9;Bleu;1;5;54200;0,002852418;2
54428;54428;1,01;Rouge;1;5;54259;0,002852418;2
55019;55019;0,94;Bleu;1;5;54848;0,002852418;2
56018;56018;0,4;Bleu;2;5;55841;0,002852418;2
56286;56286;0,34;Bleu;2;5;56108;0,002852418;2
57704;57704;1,51;Jaune;1;5;57518;0,002852418;2
57972;57972;1,5;Jaune;2;5;57786;0,002852418;2
59939;59939;0,41;Bleu;2;5;59750;0,002852418;2
60698;60698;1,26;Jaune;2;5;60507;0,002852418;2
60723;60723;1,15;Bleu;1;5;60532;0,002852418;2
61451;61451;0,75;Bleu;1;5;61256;0,002852418;2
62230;62230;0,52;Jaune;2;5;62032;0,002852418;2
62363;62363;0,31;Rouge;3;5;62165;0,002852418;2
62626;62626;0,52;Bleu;1;5;62426;0,002852418;2
62851;62851;0,99;Bleu;3;5;62651;0,002852418;2
63892;63892;0,3;Bleu;1;5;63689;0,002852418;2
65495;65495;2,01;Rouge;1;5;65286;0,002852418;2
65594;65594;0,53;Rouge;3;5;65383;0,002852418;2
66564;66564;0,32;Bleu;1;5;66353;0,002852418;2
66717;66717;0,73;Bleu;2;5;66505;0,002852418;2
67044;67044;0,73;Bleu;1;5;66829;0,002852418;2
68033;68033;0,27;Bleu;2;5;67817;0,002852418;2
69811;69811;1;Bleu;1;5;69589;0,002852418;2
69843;69843;1,31;Rouge;3;5;69621;0,002852418;2
70079;70079;0,71;Bleu;2;5;69857;0,002852418;2
70190;70190;0,3;Jaune;1;5;69968;0,002852418;2
70220;70220;0,51;Rouge;1;5;69998;0,002852418;2
71413;71413;2,05;Bleu;1;5;71183;0,002852418;2
72712;72712;0,39;Bleu;3;5;72476;0,002852418;2
75455;75455;1,07;Rouge;1;5;75204;0,002852418;2
75697;75697;1,74;Jaune;1;5;75445;0,002852418;2
75848;75848;0,4;Rouge;1;5;75596;0,002852418;2
79093;79093;0,51;Bleu;2;5;78829;0,002852418;2
79663;79663;0,32;Rouge;1;5;79396;0,002852418;2
80473;80473;0,31;Bleu;1;5;80205;0,002852418;2
81052;81052;0,35;Bleu;2;5;80784;0,002852418;2
82837;82837;1,01;Jaune;1;5;82567;0,002852418;2
83763;83763;0,71;Jaune;1;5;83484;0,002852418;2
86457;86457;0,38;Jaune;3;5;86171;0,002852418;2
86993;86993;0,93;Rouge;1;5;86704;0,002852418;2
88327;88327;0,72;Rouge;2;5;88037;0,002852418;2
88543;88543;0,91;Jaune;3;5;88253;0,002852418;2
89002;89002;0,33;Bleu;1;5;88712;0,002852418;2
89215;89215;0,9;Rouge;1;5;88924;0,002852418;2
90149;90149;1,01;Jaune;2;5;89855;0,002852418;2
90525;90525;1,01;Rouge;1;5;90226;0,002852418;2
90626;90626;1,11;Bleu;1;5;90327;0,002852418;2
91238;91238;0,32;Rouge;3;5;90938;0,002852418;2
91970;91970;1,2;Bleu;1;5;91669;0,002852418;2
92627;92627;0,9;Jaune;3;5;92323;0,002852418;2
93059;93059;0,83;Jaune;1;5;92753;0,002852418;2
94995;94995;0,72;Jaune;1;5;94685;0,002852418;2
97775;97775;1,01;Jaune;2;5;97458;0,002852418;2
97966;97966;0,39;Bleu;1;5;97649;0,002852418;2
98325;98325;1;Rouge;2;5;98008;0,002852418;2
98407;98407;0,3;Bleu;3;5;98089;0,002852418;2
98427;98427;0,41;Rouge;3;5;98109;0,002852418;2
100889;100889;1,02;Bleu;1;5;100564;0,002852418;2
102231;102231;0,5;Bleu;1;5;101902;0,002852418;2
102305;102305;0,5;Jaune;1;5;101976;0,002852418;2
102341;102341;0,51;Rouge;2;5;102012;0,002852418;2
103404;103404;0,35;Bleu;1;5;103073;0,002852418;2
103739;103739;1,14;Rouge;1;5;103406;0,002852418;2
104094;104094;1,19;Bleu;1;5;103761;0,002852418;2
104974;104974;1;Bleu;1;5;104639;0,002852418;2
105002;105002;0,7;Rouge;1;5;104667;0,002852418;2
105823;105823;0,51;Bleu;2;5;105483;0,002852418;2
106092;106092;0,85;Rouge;1;5;105750;0,002852418;2
106750;106750;0,32;Jaune;1;5;106405;0,002852418;2
106768;106768;0,42;Jaune;3;5;106423;0,002852418;2
107158;107158;0,43;Rouge;2;5;106810;0,002852418;2
108069;108069;0,9;Bleu;2;5;107717;0,002852418;2
108575;108575;0,55;Bleu;1;5;108221;0,002852418;2
109331;109331;1,01;Bleu;1;5;108975;0,002852418;2
110059;110059;0,71;Bleu;1;5;109702;0,002852418;2
114956;114956;1,01;Jaune;1;5;114582;0,002852418;2
115010;115010;0,27;Bleu;3;5;114636;0,002852418;2
115616;115616;1,2;Jaune;2;5;115241;0,002852418;2
116034;116034;0,9;Rouge;1;5;115658;0,002852418;2
118753;118753;1,51;Bleu;2;5;118361;0,002852418;2
119566;119566;0,5;Bleu;2;5;119171;0,002852418;2
120225;120225;0,55;Bleu;2;5;119826;0,002852418;2
120440;120440;0,71;Jaune;1;5;120041;0,002852418;2
598;598;1;Bleu;2;3;596;0,012889996;3
877;877;0,9;Bleu;3;3;875;0,012889996;3
1202;1202;0,26;Rouge;3;3;1199;0,012889996;3
2049;2049;1,01;Jaune;3;3;2043;0,012889996;3
2092;2092;0,41;Bleu;1;3;2086;0,012889996;3
2675;2675;0,76;Bleu;1;3;2665;0,012889996;3
2843;2843;1,14;Rouge;1;3;2833;0,012889996;3
3885;3885;0,71;Rouge;1;3;3871;0,012889996;3
3942;3942;0,59;Bleu;1;3;3928;0,012889996;3
3993;3993;1,31;Jaune;1;3;3979;0,012889996;3
4286;4286;0,62;Bleu;1;3;4272;0,012889996;3
4452;4452;0,8;Bleu;2;3;4438;0,012889996;3
4705;4705;0,33;Rouge;2;3;4690;0,012889996;3
5094;5094;0,32;Rouge;1;3;5077;0,012889996;3
6128;6128;0,5;Bleu;2;3;6106;0,012889996;3
6322;6322;0,43;Rouge;1;3;6299;0,012889996;3
7225;7225;0,48;Jaune;1;3;7200;0,012889996;3
7960;7960;0,72;Bleu;3;3;7934;0,012889996;3
8052;8052;0,5;Jaune;2;3;8026;0,012889996;3
8634;8634;0,33;Rouge;3;3;8606;0,012889996;3
8688;8688;1,11;Rouge;3;3;8660;0,012889996;3
9454;9454;0,86;Jaune;1;3;9424;0,012889996;3
9512;9512;1,21;Rouge;3;3;9481;0,012889996;3
9736;9736;0,71;Bleu;2;3;9704;0,012889996;3
9960;9960;1,21;Rouge;1;3;9927;0,012889996;3
10309;10309;0,3;Jaune;2;3;10275;0,012889996;3
10427;10427;0,33;Bleu;1;3;10393;0,012889996;3
10438;10438;0,71;Jaune;1;3;10404;0,012889996;3
10673;10673;0,32;Bleu;1;3;10638;0,012889996;3
10760;10760;1,7;Bleu;3;3;10725;0,012889996;3
10843;10843;0,4;Bleu;1;3;10808;0,012889996;3
10962;10962;0,59;Rouge;3;3;10927;0,012889996;3
11005;11005;1,03;Rouge;2;3;10970;0,012889996;3
11706;11706;2,11;Rouge;3;3;11669;0,012889996;3
12023;12023;0,5;Bleu;2;3;11985;0,012889996;3
12201;12201;0,26;Rouge;1;3;12163;0,012889996;3
12934;12934;0,4;Rouge;1;3;12895;0,012889996;3
13233;13233;0,42;Rouge;2;3;13193;0,012889996;3
13255;13255;0,3;Jaune;1;3;13214;0,012889996;3
13469;13469;1,53;Bleu;1;3;13427;0,012889996;3
14210;14210;0,7;Bleu;2;3;14167;0,012889996;3
14291;14291;1,5;Jaune;1;3;14248;0,012889996;3
14937;14937;0,96;Jaune;3;3;14891;0,012889996;3
16723;16723;1;Jaune;2;3;16670;0,012889996;3
16833;16833;0,24;Rouge;1;3;16780;0,012889996;3
17004;17004;1,2;Bleu;3;3;16951;0,012889996;3
17207;17207;0,71;Rouge;1;3;17154;0,012889996;3
18302;18302;0,31;Jaune;3;3;18247;0,012889996;3
18669;18669;0,9;Bleu;1;3;18614;0,012889996;3
18793;18793;0,3;Bleu;2;3;18738;0,012889996;3
19190;19190;0,41;Bleu;2;3;19135;0,012889996;3
20073;20073;0,36;Jaune;1;3;20014;0,012889996;3
20942;20942;0,78;Jaune;1;3;20878;0,012889996;3
21275;21275;0,3;Jaune;3;3;21210;0,012889996;3
21823;21823;0,31;Rouge;2;3;21756;0,012889996;3
21863;21863;1;Bleu;3;3;21796;0,012889996;3
21926;21926;0,31;Bleu;2;3;21859;0,012889996;3
22188;22188;0,36;Rouge;1;3;22120;0,012889996;3
22389;22389;0,29;Jaune;1;3;22320;0,012889996;3
23692;23692;1,66;Jaune;1;3;23619;0,012889996;3
23744;23744;0,43;Bleu;3;3;23671;0,012889996;3
24710;24710;0,59;Bleu;1;3;24633;0,012889996;3
25013;25013;0,34;Bleu;2;3;24934;0,012889996;3
25811;25811;0,32;Jaune;2;3;25728;0,012889996;3
26031;26031;1,2;Bleu;1;3;25948;0,012889996;3
26446;26446;1,13;Bleu;2;3;26360;0,012889996;3
26467;26467;1,27;Rouge;1;3;26381;0,012889996;3
26710;26710;1,22;Jaune;3;3;26624;0,012889996;3
26845;26845;0,52;Rouge;1;3;26757;0,012889996;3
27130;27130;0,34;Rouge;3;3;27041;0,012889996;3
27231;27231;0,7;Jaune;1;3;27142;0,012889996;3
28355;28355;0,27;Bleu;2;3;28262;0,012889996;3
28660;28660;1,51;Jaune;1;3;28566;0,012889996;3
28863;28863;0,52;Rouge;2;3;28769;0,012889996;3
29080;29080;0,95;Jaune;1;3;28986;0,012889996;3
29557;29557;0,32;Bleu;1;3;29461;0,012889996;3
30514;30514;0,38;Rouge;2;3;30417;0,012889996;3
30610;30610;0,53;Bleu;1;3;30513;0,012889996;3
31346;31346;0,54;Rouge;2;3;31246;0,012889996;3
31571;31571;2,07;Bleu;2;3;31468;0,012889996;3
32311;32311;0,73;Jaune;1;3;32203;0,012889996;3
34265;34265;0,27;Rouge;1;3;34153;0,012889996;3
34280;34280;0,7;Bleu;1;3;34168;0,012889996;3
34334;34334;1,52;Bleu;1;3;34222;0,012889996;3
35728;35728;0,35;Bleu;2;3;35609;0,012889996;3
35777;35777;0,5;Rouge;2;3;35658;0,012889996;3
35867;35867;1,24;Jaune;1;3;35748;0,012889996;3
36314;36314;0,3;Rouge;1;3;36195;0,012889996;3
36371;36371;1,23;Jaune;3;3;36252;0,012889996;3
36570;36570;0,59;Bleu;1;3;36451;0,012889996;3
37372;37372;0,36;Bleu;1;3;37250;0,012889996;3
37488;37488;1,23;Jaune;1;3;37366;0,012889996;3
38159;38159;0,38;Jaune;3;3;38034;0,012889996;3
38227;38227;0,4;Bleu;1;3;38102;0,012889996;3
38462;38462;1,05;Bleu;1;3;38337;0,012889996;3
38496;38496;0,4;Bleu;1;3;38371;0,012889996;3
38582;38582;0,74;Jaune;3;3;38457;0,012889996;3
38751;38751;2,07;Bleu;1;3;38625;0,012889996;3
38873;38873;0,91;Rouge;2;3;38747;0,012889996;3
38884;38884;0,7;Bleu;2;3;38758;0,012889996;3
39113;39113;0,61;Jaune;2;3;38987;0,012889996;3
39227;39227;0,3;Bleu;3;3;39101;0,012889996;3
39812;39812;0,34;Bleu;2;3;39685;0,012889996;3
39905;39905;0,71;Rouge;1;3;39777;0,012889996;3
40013;40013;0,33;Jaune;2;3;39885;0,012889996;3
40312;40312;0,3;Bleu;2;3;40183;0,012889996;3
40337;40337;0,55;Rouge;1;3;40208;0,012889996;3
41469;41469;0,33;Rouge;3;3;41336;0,012889996;3
41498;41498;1,52;Rouge;3;3;41365;0,012889996;3
41583;41583;1,53;Jaune;2;3;41450;0,012889996;3
41914;41914;0,34;Rouge;3;3;41781;0,012889996;3
42120;42120;0,74;Jaune;3;3;41986;0,012889996;3
42282;42282;1,55;Bleu;2;3;42148;0,012889996;3
42384;42384;2;Bleu;2;3;42250;0,012889996;3
42404;42404;0,3;Jaune;3;3;42270;0,012889996;3
42432;42432;0,41;Bleu;2;3;42297;0,012889996;3
42620;42620;0,38;Bleu;2;3;42484;0,012889996;3
42704;42704;1,25;Rouge;1;3;42568;0,012889996;3
43015;43015;2;Rouge;1;3;42878;0,012889996;3
43048;43048;0,9;Jaune;2;3;42911;0,012889996;3
43229;43229;0,53;Jaune;1;3;43092;0,012889996;3
43338;43338;2,04;Rouge;2;3;43201;0,012889996;3
43518;43518;0,36;Rouge;2;3;43379;0,012889996;3
43882;43882;1,05;Rouge;2;3;43742;0,012889996;3
44016;44016;0,73;Jaune;1;3;43876;0,012889996;3
44262;44262;0,28;Rouge;1;3;44122;0,012889996;3
44628;44628;0,71;Rouge;2;3;44485;0,012889996;3
44953;44953;1,29;Rouge;1;3;44809;0,012889996;3
45104;45104;0,31;Bleu;2;3;44958;0,012889996;3
45442;45442;1,24;Bleu;2;3;45294;0,012889996;3
45505;45505;0,33;Jaune;2;3;45356;0,012889996;3
45526;45526;0,27;Bleu;2;3;45377;0,012889996;3
45781;45781;0,74;Bleu;3;3;45631;0,012889996;3
45799;45799;0,3;Rouge;2;3;45649;0,012889996;3
45990;45990;1,53;Rouge;2;3;45840;0,012889996;3
46476;46476;0,51;Jaune;1;3;46325;0,012889996;3
46571;46571;0,31;Bleu;1;3;46420;0,012889996;3
46582;46582;0,31;Rouge;3;3;46431;0,012889996;3
47693;47693;1,01;Jaune;1;3;47535;0,012889996;3
48018;48018;0,71;Rouge;2;3;47860;0,012889996;3
48732;48732;0,71;Rouge;3;3;48571;0,012889996;3
48824;48824;1,72;Rouge;2;3;48662;0,012889996;3
48849;48849;1,1;Bleu;3;3;48687;0,012889996;3
49399;49399;0,38;Bleu;3;3;49236;0,012889996;3
50090;50090;0,8;Rouge;3;3;49927;0,012889996;3
50611;50611;0,32;Rouge;3;3;50447;0,012889996;3
50827;50827;1,01;Rouge;2;3;50663;0,012889996;3
51417;51417;0,71;Bleu;1;3;51252;0,012889996;3
52128;52128;0,9;Rouge;2;3;51963;0,012889996;3
52611;52611;0,55;Rouge;2;3;52446;0,012889996;3
52713;52713;0,5;Bleu;1;3;52548;0,012889996;3
52768;52768;0,33;Rouge;1;3;52602;0,012889996;3
53099;53099;1,01;Rouge;1;3;52933;0,012889996;3
53542;53542;0,94;Bleu;2;3;53375;0,012889996;3
53600;53600;1,61;Bleu;1;3;53433;0,012889996;3
54366;54366;0,45;Bleu;1;3;54197;0,012889996;3
54769;54769;0,7;Bleu;1;3;54599;0,012889996;3
54788;54788;0,38;Rouge;2;3;54618;0,012889996;3
54827;54827;1,34;Jaune;1;3;54657;0,012889996;3
55092;55092;0,77;Rouge;3;3;54921;0,012889996;3
55096;55096;0,38;Bleu;1;3;54925;0,012889996;3
56092;56092;0,51;Bleu;3;3;55915;0,012889996;3
56273;56273;1,16;Jaune;1;3;56095;0,012889996;3
56352;56352;0,34;Rouge;3;3;56174;0,012889996;3
56422;56422;0,33;Bleu;2;3;56244;0,012889996;3
56438;56438;0,51;Bleu;3;3;56260;0,012889996;3
56552;56552;1,52;Jaune;1;3;56374;0,012889996;3
57381;57381;0,5;Jaune;2;3;57197;0,012889996;3
57384;57384;1,15;Bleu;1;3;57200;0,012889996;3
58832;58832;0,5;Jaune;3;3;58645;0,012889996;3
59253;59253;0,57;Rouge;3;3;59065;0,012889996;3
59429;59429;0,23;Rouge;1;3;59240;0,012889996;3
60059;60059;0,29;Jaune;1;3;59870;0,012889996;3
60231;60231;0,33;Rouge;2;3;60041;0,012889996;3
60254;60254;2,03;Jaune;1;3;60064;0,012889996;3
60635;60635;2,01;Bleu;1;3;60444;0,012889996;3
61350;61350;1,51;Bleu;1;3;61156;0,012889996;3
61603;61603;1,01;Bleu;2;3;61408;0,012889996;3
61652;61652;1,07;Rouge;2;3;61457;0,012889996;3
61809;61809;1,02;Jaune;2;3;61612;0,012889996;3
61885;61885;0,51;Rouge;1;3;61688;0,012889996;3
62125;62125;0,9;Bleu;3;3;61928;0,012889996;3
62535;62535;1,28;Rouge;3;3;62336;0,012889996;3
62586;62586;1;Jaune;2;3;62386;0,012889996;3
62666;62666;1,52;Jaune;3;3;62466;0,012889996;3
62999;62999;1,01;Rouge;2;3;62798;0,012889996;3
63118;63118;0,6;Bleu;1;3;62917;0,012889996;3
63265;63265;0,61;Rouge;1;3;63064;0,012889996;3
63270;63270;0,91;Bleu;2;3;63069;0,012889996;3
63566;63566;1,52;Bleu;1;3;63364;0,012889996;3
63843;63843;0,31;Bleu;3;3;63640;0,012889996;3
64098;64098;0,53;Bleu;2;3;63894;0,012889996;3
64155;64155;1,01;Jaune;2;3;63951;0,012889996;3
64917;64917;1,01;Bleu;3;3;64711;0,012889996;3
65353;65353;0,58;Bleu;3;3;65144;0,012889996;3
65607;65607;0,51;Bleu;2;3;65396;0,012889996;3
66443;66443;0,51;Rouge;1;3;66232;0,012889996;3
66509;66509;1,29;Rouge;3;3;66298;0,012889996;3
66513;66513;0,53;Jaune;3;3;66302;0,012889996;3
66640;66640;0,4;Jaune;2;3;66428;0,012889996;3
66746;66746;0,51;Bleu;2;3;66533;0,012889996;3
67497;67497;0,5;Bleu;1;3;67281;0,012889996;3
67767;67767;0,33;Bleu;1;3;67551;0,012889996;3
67890;67890;0,74;Jaune;1;3;67674;0,012889996;3
68289;68289;0,32;Jaune;3;3;68072;0,012889996;3
68394;68394;1;Bleu;2;3;68176;0,012889996;3
68633;68633;0,43;Bleu;1;3;68415;0,012889996;3
69249;69249;0,32;Rouge;1;3;69028;0,012889996;3
71521;71521;0,27;Rouge;1;3;71289;0,012889996;3
71569;71569;1,23;Bleu;1;3;71336;0,012889996;3
71836;71836;1,61;Jaune;3;3;71602;0,012889996;3
71970;71970;0,36;Rouge;1;3;71736;0,012889996;3
72803;72803;1,36;Bleu;1;3;72567;0,012889996;3
72869;72869;0,43;Jaune;1;3;72633;0,012889996;3
73060;73060;1,34;Rouge;3;3;72823;0,012889996;3
74141;74141;1;Jaune;3;3;73900;0,012889996;3
74157;74157;0,33;Rouge;1;3;73916;0,012889996;3
74194;74194;1,28;Bleu;3;3;73953;0,012889996;3
74463;74463;2,24;Bleu;3;3;74220;0,012889996;3
74607;74607;2,09;Jaune;1;3;74362;0,012889996;3
74857;74857;0,3;Bleu;1;3;74609;0,012889996;3
76238;76238;0,34;Rouge;1;3;75986;0,012889996;3
76364;76364;0,56;Bleu;2;3;76112;0,012889996;3
77540;77540;0,61;Rouge;1;3;77284;0,012889996;3
77787;77787;0,37;Rouge;3;3;77531;0,012889996;3
77822;77822;0,72;Bleu;3;3;77566;0,012889996;3
78208;78208;0,43;Bleu;2;3;77949;0,012889996;3
78848;78848;0,3;Rouge;2;3;78585;0,012889996;3
79466;79466;1,08;Jaune;1;3;79200;0,012889996;3
79504;79504;0,32;Bleu;2;3;79238;0,012889996;3
79802;79802;0,6;Bleu;3;3;79535;0,012889996;3
80372;80372;0,53;Jaune;3;3;80104;0,012889996;3
80692;80692;1,13;Jaune;3;3;80424;0,012889996;3
81661;81661;1;Rouge;3;3;81391;0,012889996;3
81884;81884;0,26;Jaune;3;3;81614;0,012889996;3
82029;82029;0,35;Jaune;1;3;81759;0,012889996;3
82030;82030;1,11;Bleu;1;3;81760;0,012889996;3
82534;82534;0,75;Jaune;1;3;82264;0,012889996;3
82853;82853;0,59;Rouge;1;3;82583;0,012889996;3
82940;82940;0,31;Bleu;3;3;82670;0,012889996;3
83232;83232;0,3;Bleu;3;3;82958;0,012889996;3
83762;83762;0,9;Rouge;1;3;83483;0,012889996;3
83956;83956;0,34;Bleu;2;3;83677;0,012889996;3
84774;84774;1,23;Jaune;3;3;84493;0,012889996;3
84841;84841;0,7;Jaune;1;3;84560;0,012889996;3
85571;85571;1,08;Jaune;1;3;85288;0,012889996;3
85592;85592;0,4;Rouge;1;3;85309;0,012889996;3
85943;85943;0,55;Rouge;2;3;85658;0,012889996;3
85949;85949;0,45;Bleu;3;3;85664;0,012889996;3
86310;86310;1;Bleu;2;3;86025;0,012889996;3
86336;86336;0,23;Rouge;2;3;86051;0,012889996;3
87022;87022;0,7;Bleu;2;3;86733;0,012889996;3
87046;87046;1,5;Rouge;2;3;86757;0,012889996;3
87417;87417;0,3;Rouge;2;3;87128;0,012889996;3
88795;88795;1,11;Rouge;2;3;88505;0,012889996;3
89758;89758;1;Rouge;1;3;89466;0,012889996;3
89843;89843;1,11;Rouge;3;3;89550;0,012889996;3
90731;90731;0,32;Bleu;3;3;90431;0,012889996;3
91979;91979;0,41;Jaune;2;3;91678;0,012889996;3
92058;92058;2,01;Rouge;3;3;91757;0,012889996;3
92471;92471;0,7;Jaune;1;3;92168;0,012889996;3
92616;92616;0,34;Rouge;1;3;92312;0,012889996;3
93838;93838;0,71;Rouge;1;3;93532;0,012889996;3
93988;93988;1,01;Rouge;1;3;93681;0,012889996;3
94038;94038;0,36;Bleu;3;3;93731;0,012889996;3
94901;94901;0,53;Jaune;3;3;94592;0,012889996;3
94930;94930;0,78;Rouge;1;3;94621;0,012889996;3
95628;95628;0,47;Jaune;1;3;95316;0,012889996;3
95633;95633;0,51;Rouge;1;3;95321;0,012889996;3
96117;96117;0,52;Bleu;1;3;95803;0,012889996;3
96220;96220;0,7;Bleu;1;3;95906;0,012889996;3
96424;96424;0,48;Bleu;3;3;96109;0,012889996;3
96624;96624;0,53;Jaune;1;3;96309;0,012889996;3
96637;96637;0,52;Bleu;3;3;96322;0,012889996;3
96946;96946;2,51;Bleu;1;3;96630;0,012889996;3
97245;97245;0,9;Rouge;2;3;96929;0,012889996;3
97529;97529;0,89;Rouge;1;3;97212;0,012889996;3
99267;99267;1,02;Bleu;1;3;98948;0,012889996;3
99619;99619;1,37;Bleu;1;3;99298;0,012889996;3
99621;99621;0,9;Jaune;1;3;99300;0,012889996;3
99697;99697;0,72;Jaune;2;3;99376;0,012889996;3
99730;99730;0,32;Bleu;1;3;99409;0,012889996;3
99846;99846;0,51;Bleu;1;3;99524;0,012889996;3
100285;100285;0,39;Bleu;1;3;99963;0,012889996;3
100783;100783;0,3;Jaune;3;3;100459;0,012889996;3
100907;100907;0,58;Jaune;3;3;100582;0,012889996;3
101161;101161;1;Rouge;1;3;100835;0,012889996;3
101235;101235;0,56;Jaune;2;3;100909;0,012889996;3
101352;101352;1,02;Bleu;2;3;101026;0,012889996;3
101799;101799;0,32;Rouge;3;3;101472;0,012889996;3
102037;102037;2;Jaune;2;3;101709;0,012889996;3
103662;103662;1,05;Bleu;2;3;103329;0,012889996;3
103724;103724;0,72;Rouge;2;3;103391;0,012889996;3
103796;103796;1,19;Jaune;1;3;103463;0,012889996;3
104005;104005;0,59;Bleu;1;3;103672;0,012889996;3
104324;104324;2,01;Bleu;1;3;103990;0,012889996;3
104988;104988;0,3;Bleu;1;3;104653;0,012889996;3
105210;105210;0,3;Bleu;2;3;104873;0,012889996;3
105348;105348;0,36;Jaune;1;3;105010;0,012889996;3
106373;106373;2;Bleu;2;3;106030;0,012889996;3
106393;106393;1,22;Rouge;1;3;106050;0,012889996;3
106482;106482;1,87;Rouge;1;3;106139;0,012889996;3
106728;106728;0,71;Jaune;1;3;106383;0,012889996;3
107297;107297;0,42;Rouge;1;3;106948;0,012889996;3
107423;107423;0,3;Rouge;1;3;107074;0,012889996;3
107446;107446;0,5;Bleu;2;3;107097;0,012889996;3
107506;107506;0,71;Bleu;2;3;107157;0,012889996;3
107613;107613;0,57;Jaune;1;3;107263;0,012889996;3
107730;107730;1,51;Rouge;3;3;107379;0,012889996;3
108469;108469;0,76;Jaune;1;3;108116;0,012889996;3
108591;108591;1,13;Bleu;1;3;108237;0,012889996;3
108901;108901;0,9;Bleu;3;3;108546;0,012889996;3
109016;109016;1,5;Rouge;1;3;108661;0,012889996;3
109063;109063;0,93;Rouge;3;3;108708;0,012889996;3
109303;109303;1,06;Jaune;2;3;108947;0,012889996;3
109656;109656;0,74;Jaune;3;3;109299;0,012889996;3
111083;111083;0,41;Bleu;1;3;110723;0,012889996;3
111088;111088;1,5;Bleu;2;3;110728;0,012889996;3
111677;111677;1,04;Jaune;3;3;111316;0,012889996;3
111687;111687;1,06;Jaune;1;3;111326;0,012889996;3
111730;111730;0,71;Jaune;1;3;111369;0,012889996;3
112366;112366;0,56;Bleu;1;3;112004;0,012889996;3
112498;112498;1;Jaune;2;3;112136;0,012889996;3
112876;112876;0,5;Bleu;1;3;112512;0,012889996;3
112976;112976;0,41;Rouge;2;3;112612;0,012889996;3
113555;113555;0,7;Jaune;1;3;113189;0,012889996;3
113630;113630;1,01;Bleu;1;3;113264;0,012889996;3
113680;113680;0,52;Jaune;1;3;113314;0,012889996;3
113931;113931;0,55;Bleu;2;3;113565;0,012889996;3
113954;113954;0,91;Rouge;2;3;113587;0,012889996;3
114118;114118;1,22;Rouge;1;3;113750;0,012889996;3
114141;114141;1,22;Jaune;2;3;113773;0,012889996;3
114666;114666;0,53;Bleu;1;3;114295;0,012889996;3
114809;114809;1,05;Rouge;2;3;114436;0,012889996;3
115171;115171;2,42;Bleu;1;3;114797;0,012889996;3
115306;115306;0,3;Jaune;3;3;114932;0,012889996;3
115683;115683;0,98;Rouge;3;3;115308;0,012889996;3
115911;115911;1,7;Rouge;2;3;115535;0,012889996;3
116387;116387;0,32;Bleu;1;3;116009;0,012889996;3
116897;116897;1,26;Jaune;1;3;116514;0,012889996;3
117055;117055;0,56;Jaune;1;3;116670;0,012889996;3
117130;117130;0,91;Rouge;3;3;116745;0,012889996;3
118006;118006;2,02;Rouge;2;3;117617;0,012889996;3
118179;118179;0,41;Bleu;3;3;117789;0,012889996;3
118200;118200;0,31;Rouge;2;3;117810;0,012889996;3
118717;118717;0,34;Jaune;1;3;118325;0,012889996;3
118822;118822;1,01;Jaune;3;3;118430;0,012889996;3
119063;119063;1,24;Jaune;2;3;118669;0,012889996;3
119783;119783;1,15;Rouge;2;3;119387;0,012889996;3
120106;120106;2,03;Rouge;3;3;119707;0,012889996;3
120319;120319;0,82;Bleu;3;3;119920;0,012889996;3
120613;120613;0,31;Bleu;1;3;120214;0,012889996;3
179;179;2,01;Jaune;1;2;178;0,040163934;4
671;671;0,9;Rouge;1;2;669;0,040163934;4
1201;1201;0,3;Rouge;1;2;1198;0,040163934;4
1302;1302;0,31;Bleu;2;2;1299;0,040163934;4
1722;1722;0,35;Rouge;1;2;1717;0,040163934;4
1736;1736;0,34;Rouge;1;2;1731;0,040163934;4
2099;2099;0,39;Bleu;2;2;2093;0,040163934;4
2172;2172;0,62;Bleu;3;2;2165;0,040163934;4
2381;2381;0,73;Rouge;3;2;2371;0,040163934;4
2746;2746;0,36;Rouge;1;2;2736;0,040163934;4
2813;2813;2,1;Jaune;2;2;2803;0,040163934;4
2943;2943;0,73;Jaune;1;2;2933;0,040163934;4
3011;3011;1,7;Bleu;3;2;3001;0,040163934;4
3406;3406;0,5;Rouge;1;2;3395;0,040163934;4
3641;3641;0,3;Rouge;2;2;3627;0,040163934;4
3663;3663;0,24;Rouge;3;2;3649;0,040163934;4
4393;4393;1,05;Rouge;3;2;4379;0,040163934;4
4839;4839;1;Jaune;2;2;4823;0,040163934;4
4931;4931;0,7;Rouge;1;2;4914;0,040163934;4
5024;5024;0,23;Bleu;2;2;5007;0,040163934;4
5116;5116;1;Bleu;1;2;5099;0,040163934;4
5710;5710;0,72;Rouge;1;2;5689;0,040163934;4
5806;5806;1,33;Rouge;1;2;5784;0,040163934;4
6238;6238;1,01;Rouge;1;2;6216;0,040163934;4
6270;6270;0,72;Bleu;1;2;6248;0,040163934;4
6279;6279;0,51;Bleu;1;2;6256;0,040163934;4
6362;6362;0,32;Bleu;2;2;6339;0,040163934;4
6580;6580;0,9;Rouge;1;2;6557;0,040163934;4
6659;6659;0,31;Bleu;3;2;6635;0,040163934;4
6824;6824;1,28;Rouge;3;2;6800;0,040163934;4
7615;7615;1,23;Jaune;3;2;7590;0,040163934;4
8084;8084;1,65;Bleu;2;2;8058;0,040163934;4
8152;8152;0,39;Rouge;1;2;8125;0,040163934;4
9202;9202;0,52;Rouge;1;2;9173;0,040163934;4
9380;9380;1,5;Bleu;1;2;9351;0,040163934;4
9744;9744;0,32;Rouge;2;2;9712;0,040163934;4
10200;10200;0,91;Rouge;2;2;10166;0,040163934;4
10394;10394;0,54;Rouge;3;2;10360;0,040163934;4
10415;10415;0,53;Bleu;1;2;10381;0,040163934;4
11349;11349;0,71;Rouge;2;2;11314;0,040163934;4
11702;11702;1,01;Jaune;1;2;11665;0,040163934;4
11747;11747;0,3;Bleu;2;2;11710;0,040163934;4
12185;12185;0,73;Bleu;1;2;12147;0,040163934;4
12461;12461;0,75;Jaune;2;2;12423;0,040163934;4
12592;12592;0,3;Bleu;3;2;12553;0,040163934;4
13660;13660;1,04;Jaune;2;2;13618;0,040163934;4
13852;13852;1,51;Bleu;3;2;13809;0,040163934;4
14143;14143;1,37;Bleu;2;2;14100;0,040163934;4
14337;14337;0,35;Rouge;1;2;14294;0,040163934;4
14850;14850;0,41;Bleu;1;2;14805;0,040163934;4
14897;14897;0,92;Bleu;1;2;14851;0,040163934;4
15101;15101;0,81;Bleu;1;2;15054;0,040163934;4
15413;15413;0,72;Jaune;2;2;15365;0,040163934;4
16256;16256;1,01;Rouge;2;2;16206;0,040163934;4
16619;16619;1,2;Rouge;3;2;16566;0,040163934;4
16677;16677;0,3;Bleu;3;2;16624;0,040163934;4
17088;17088;1,61;Rouge;2;2;17035;0,040163934;4
17235;17235;0,36;Rouge;2;2;17182;0,040163934;4
17409;17409;2,01;Bleu;2;2;17356;0,040163934;4
17534;17534;1,17;Bleu;3;2;17481;0,040163934;4
17829;17829;0,7;Rouge;1;2;17776;0,040163934;4
18434;18434;0,3;Bleu;1;2;18379;0,040163934;4
18464;18464;0,85;Jaune;1;2;18409;0,040163934;4
18558;18558;1,23;Bleu;1;2;18503;0,040163934;4
18900;18900;1,51;Rouge;1;2;18845;0,040163934;4
19227;19227;0,27;Rouge;1;2;19172;0,040163934;4
19298;19298;0,33;Rouge;3;2;19243;0,040163934;4
19452;19452;0,72;Bleu;3;2;19397;0,040163934;4
19472;19472;1,03;Bleu;3;2;19417;0,040163934;4
19604;19604;0,25;Rouge;1;2;19547;0,040163934;4
19659;19659;0,31;Rouge;1;2;19602;0,040163934;4
19863;19863;1,02;Rouge;3;2;19804;0,040163934;4
19880;19880;0,3;Jaune;2;2;19821;0,040163934;4
20442;20442;0,32;Rouge;3;2;20383;0,040163934;4
20493;20493;1,11;Rouge;2;2;20434;0,040163934;4
20719;20719;0,32;Jaune;1;2;20658;0,040163934;4
20869;20869;1,2;Jaune;2;2;20806;0,040163934;4
20875;20875;0,61;Bleu;2;2;20812;0,040163934;4
21139;21139;1,19;Bleu;3;2;21075;0,040163934;4
22571;22571;2,12;Rouge;3;2;22502;0,040163934;4
22989;22989;0,61;Rouge;2;2;22920;0,040163934;4
23512;23512;0,4;Rouge;2;2;23440;0,040163934;4
23539;23539;0,31;Jaune;2;2;23467;0,040163934;4
24001;24001;0,71;Jaune;1;2;23926;0,040163934;4
24126;24126;1,05;Bleu;1;2;24050;0,040163934;4
24349;24349;0,3;Rouge;1;2;24272;0,040163934;4
25325;25325;1,04;Rouge;1;2;25243;0,040163934;4
25485;25485;0,3;Rouge;3;2;25402;0,040163934;4
25657;25657;0,3;Bleu;3;2;25574;0,040163934;4
25688;25688;1,03;Jaune;2;2;25605;0,040163934;4
25725;25725;0,41;Bleu;1;2;25642;0,040163934;4
25907;25907;0,31;Rouge;1;2;25824;0,040163934;4
26879;26879;0,31;Jaune;1;2;26791;0,040163934;4
26999;26999;0,3;Rouge;1;2;26910;0,040163934;4
28156;28156;1,07;Bleu;2;2;28063;0,040163934;4
28366;28366;1;Bleu;1;2;28273;0,040163934;4
28532;28532;0,31;Rouge;1;2;28438;0,040163934;4
28825;28825;0,58;Bleu;3;2;28731;0,040163934;4
28860;28860;1,55;Rouge;2;2;28766;0,040163934;4
29102;29102;1,01;Rouge;1;2;29008;0,040163934;4
29823;29823;1,31;Bleu;2;2;29727;0,040163934;4
30129;30129;0,53;Rouge;1;2;30033;0,040163934;4
30163;30163;1,31;Rouge;3;2;30067;0,040163934;4
30295;30295;0,3;Bleu;1;2;30199;0,040163934;4
30352;30352;1;Rouge;2;2;30256;0,040163934;4
30369;30369;0,3;Rouge;2;2;30273;0,040163934;4
30395;30395;1,29;Jaune;2;2;30299;0,040163934;4
30591;30591;0,59;Jaune;1;2;30494;0,040163934;4
30673;30673;1,51;Bleu;1;2;30576;0,040163934;4
30994;30994;1,5;Rouge;1;2;30896;0,040163934;4
31207;31207;0,5;Bleu;1;2;31109;0,040163934;4
31559;31559;0,7;Bleu;2;2;31456;0,040163934;4
31670;31670;0,31;Jaune;1;2;31566;0,040163934;4
32084;32084;0,41;Rouge;1;2;31979;0,040163934;4
32572;32572;2,02;Rouge;1;2;32464;0,040163934;4
32776;32776;0,48;Jaune;3;2;32668;0,040163934;4
33116;33116;0,31;Bleu;2;2;33007;0,040163934;4
33465;33465;2,01;Bleu;2;2;33355;0,040163934;4
33735;33735;0,72;Rouge;1;2;33624;0,040163934;4
33776;33776;0,27;Bleu;1;2;33665;0,040163934;4
33900;33900;1,27;Bleu;1;2;33789;0,040163934;4
34208;34208;1;Jaune;2;2;34096;0,040163934;4
34314;34314;0,51;Bleu;3;2;34202;0,040163934;4
34519;34519;1;Rouge;1;2;34406;0,040163934;4
34587;34587;2,1;Jaune;3;2;34474;0,040163934;4
34753;34753;0,72;Bleu;2;2;34639;0,040163934;4
36177;36177;1,51;Bleu;1;2;36058;0,040163934;4
36235;36235;1;Bleu;1;2;36116;0,040163934;4
36681;36681;0,31;Bleu;1;2;36562;0,040163934;4
36892;36892;1,05;Rouge;1;2;36773;0,040163934;4
36909;36909;0,54;Bleu;1;2;36790;0,040163934;4
37605;37605;0,3;Bleu;3;2;37483;0,040163934;4
37696;37696;1,5;Rouge;2;2;37574;0,040163934;4
37761;37761;0,37;Jaune;3;2;37639;0,040163934;4
38157;38157;0,8;Bleu;1;2;38032;0,040163934;4
39080;39080;0,39;Jaune;3;2;38954;0,040163934;4
39571;39571;0,31;Bleu;2;2;39445;0,040163934;4
39598;39598;1,01;Rouge;1;2;39472;0,040163934;4
39876;39876;0,92;Bleu;3;2;39748;0,040163934;4
40468;40468;1,59;Rouge;3;2;40339;0,040163934;4
40888;40888;0,33;Jaune;3;2;40756;0,040163934;4
42084;42084;1,63;Jaune;1;2;41950;0,040163934;4
42157;42157;0,32;Bleu;3;2;42023;0,040163934;4
42162;42162;0,7;Rouge;1;2;42028;0,040163934;4
42985;42985;1,5;Jaune;1;2;42848;0,040163934;4
43010;43010;0,71;Rouge;1;2;42873;0,040163934;4
43018;43018;0,91;Jaune;1;2;42881;0,040163934;4
43170;43170;1,1;Rouge;1;2;43033;0,040163934;4
43988;43988;0,53;Bleu;2;2;43848;0,040163934;4
44196;44196;1;Bleu;3;2;44056;0,040163934;4
44266;44266;0,46;Rouge;1;2;44126;0,040163934;4
44620;44620;0,31;Bleu;3;2;44477;0,040163934;4
44898;44898;0,55;Jaune;3;2;44754;0,040163934;4
45878;45878;0,95;Jaune;3;2;45728;0,040163934;4
45981;45981;0,51;Jaune;1;2;45831;0,040163934;4
46026;46026;1,01;Bleu;3;2;45876;0,040163934;4
46122;46122;0,34;Jaune;2;2;45972;0,040163934;4
46136;46136;0,32;Bleu;2;2;45986;0,040163934;4
46511;46511;0,26;Bleu;1;2;46360;0,040163934;4
47601;47601;2,04;Rouge;1;2;47444;0,040163934;4
47819;47819;0,38;Rouge;3;2;47661;0,040163934;4
47959;47959;0,51;Bleu;1;2;47801;0,040163934;4
48164;48164;1,17;Bleu;2;2;48004;0,040163934;4
48365;48365;0,28;Rouge;1;2;48205;0,040163934;4
48765;48765;1,5;Jaune;2;2;48603;0,040163934;4
48931;48931;0,53;Jaune;2;2;48769;0,040163934;4
49074;49074;0,55;Jaune;1;2;48911;0,040163934;4
49116;49116;1,28;Jaune;3;2;48953;0,040163934;4
49944;49944;0,9;Rouge;1;2;49781;0,040163934;4
50005;50005;0,44;Rouge;3;2;49842;0,040163934;4
50154;50154;0,25;Jaune;1;2;49991;0,040163934;4
50624;50624;0,32;Bleu;1;2;50460;0,040163934;4
51046;51046;0,32;Jaune;2;2;50882;0,040163934;4
51753;51753;1,01;Bleu;3;2;51588;0,040163934;4
51849;51849;0,24;Jaune;1;2;51684;0,040163934;4
52650;52650;0,32;Bleu;3;2;52485;0,040163934;4
53040;53040;1,1;Jaune;1;2;52874;0,040163934;4
53381;53381;0,3;Rouge;1;2;53214;0,040163934;4
53477;53477;1,08;Jaune;3;2;53310;0,040163934;4
53659;53659;0,4;Bleu;1;2;53492;0,040163934;4
53739;53739;0,7;Rouge;1;2;53572;0,040163934;4
53933;53933;0,4;Rouge;3;2;53766;0,040163934;4
54062;54062;0,9;Rouge;1;2;53893;0,040163934;4
54134;54134;0,5;Rouge;2;2;53965;0,040163934;4
54252;54252;1,51;Bleu;1;2;54083;0,040163934;4
54718;54718;1,8;Rouge;3;2;54549;0,040163934;4
54987;54987;0,32;Bleu;2;2;54816;0,040163934;4
55037;55037;0,3;Bleu;2;2;54866;0,040163934;4
55586;55586;0,7;Rouge;1;2;55411;0,040163934;4
55594;55594;1,08;Jaune;1;2;55419;0,040163934;4
55728;55728;1,54;Rouge;1;2;55553;0,040163934;4
56062;56062;0,5;Rouge;2;2;55885;0,040163934;4
56108;56108;0,35;Bleu;1;2;55930;0,040163934;4
56191;56191;0,6;Bleu;3;2;56013;0,040163934;4
56383;56383;0,42;Jaune;3;2;56205;0,040163934;4
56416;56416;0,76;Jaune;1;2;56238;0,040163934;4
56468;56468;1,23;Jaune;1;2;56290;0,040163934;4
56553;56553;0,33;Jaune;2;2;56375;0,040163934;4
56557;56557;0,31;Bleu;1;2;56379;0,040163934;4
56677;56677;0,71;Bleu;3;2;56498;0,040163934;4
56781;56781;0,23;Rouge;1;2;56602;0,040163934;4
56892;56892;0,92;Jaune;1;2;56712;0,040163934;4
57418;57418;1,01;Rouge;2;2;57234;0,040163934;4
57587;57587;0,56;Jaune;3;2;57402;0,040163934;4
58589;58589;1,21;Jaune;2;2;58402;0,040163934;4
58712;58712;0,65;Rouge;3;2;58525;0,040163934;4
58813;58813;0,33;Jaune;2;2;58626;0,040163934;4
59026;59026;0,71;Rouge;2;2;58838;0,040163934;4
59778;59778;0,34;Bleu;3;2;59589;0,040163934;4
60914;60914;0,36;Jaune;2;2;60722;0,040163934;4
60985;60985;1,02;Jaune;2;2;60793;0,040163934;4
61203;61203;1,52;Bleu;2;2;61011;0,040163934;4
61677;61677;1,17;Rouge;3;2;61482;0,040163934;4
61717;61717;1,28;Rouge;3;2;61521;0,040163934;4
62229;62229;0,55;Bleu;2;2;62031;0,040163934;4
62704;62704;1;Bleu;2;2;62504;0,040163934;4
62818;62818;0,57;Rouge;2;2;62618;0,040163934;4
62829;62829;2;Rouge;2;2;62629;0,040163934;4
62838;62838;0,32;Jaune;2;2;62638;0,040163934;4
62957;62957;1;Rouge;2;2;62756;0,040163934;4
63136;63136;0,38;Jaune;1;2;62935;0,040163934;4
63551;63551;1,22;Rouge;2;2;63349;0,040163934;4
64307;64307;0,97;Bleu;3;2;64103;0,040163934;4
64396;64396;0,76;Rouge;1;2;64192;0,040163934;4
64621;64621;0,33;Bleu;3;2;64417;0,040163934;4
64630;64630;0,44;Rouge;2;2;64426;0,040163934;4
64864;64864;0,38;Jaune;1;2;64659;0,040163934;4
65844;65844;0,25;Bleu;2;2;65633;0,040163934;4
66354;66354;2,01;Rouge;1;2;66143;0,040163934;4
67120;67120;0,7;Bleu;2;2;66905;0,040163934;4
67304;67304;1,3;Bleu;3;2;67089;0,040163934;4
67336;67336;0,54;Rouge;2;2;67120;0,040163934;4
67366;67366;0,3;Rouge;3;2;67150;0,040163934;4
67405;67405;1,01;Rouge;1;2;67189;0,040163934;4
67731;67731;0,45;Bleu;2;2;67515;0,040163934;4
68009;68009;0,42;Rouge;2;2;67793;0,040163934;4
68233;68233;1,5;Bleu;1;2;68017;0,040163934;4
68518;68518;0,55;Rouge;3;2;68300;0,040163934;4
68692;68692;1,25;Rouge;1;2;68474;0,040163934;4
69442;69442;0,4;Bleu;2;2;69221;0,040163934;4
69555;69555;1,55;Rouge;3;2;69334;0,040163934;4
69760;69760;0,9;Jaune;1;2;69539;0,040163934;4
69974;69974;0,3;Bleu;3;2;69752;0,040163934;4
70476;70476;0,4;Bleu;3;2;70251;0,040163934;4
70670;70670;0,7;Rouge;2;2;70444;0,040163934;4
70743;70743;2,07;Jaune;2;2;70517;0,040163934;4
70945;70945;0,76;Jaune;1;2;70717;0,040163934;4
71057;71057;2,14;Bleu;3;2;70829;0,040163934;4
72224;72224;0,56;Jaune;3;2;71990;0,040163934;4
72365;72365;0,3;Jaune;1;2;72131;0,040163934;4
72497;72497;1,02;Jaune;2;2;72263;0,040163934;4
73066;73066;0,74;Rouge;2;2;72829;0,040163934;4
73509;73509;0,31;Bleu;2;2;73269;0,040163934;4
73739;73739;1,2;Rouge;2;2;73498;0,040163934;4
74195;74195;0,33;Jaune;3;2;73954;0,040163934;4
74326;74326;2,01;Rouge;2;2;74085;0,040163934;4
74454;74454;0,55;Jaune;1;2;74211;0,040163934;4
74507;74507;2,02;Jaune;3;2;74264;0,040163934;4
74706;74706;0,71;Rouge;2;2;74460;0,040163934;4
75202;75202;0,31;Rouge;1;2;74951;0,040163934;4
75290;75290;0,74;Bleu;1;2;75039;0,040163934;4
75318;75318;1;Jaune;2;2;75067;0,040163934;4
75340;75340;0,31;Rouge;1;2;75089;0,040163934;4
76196;76196;0,32;Bleu;3;2;75944;0,040163934;4
76229;76229;0,42;Jaune;1;2;75977;0,040163934;4
77497;77497;0,31;Rouge;1;2;77241;0,040163934;4
77535;77535;0,7;Bleu;2;2;77279;0,040163934;4
77797;77797;0,3;Rouge;1;2;77541;0,040163934;4
78095;78095;0,51;Bleu;1;2;77838;0,040163934;4
78342;78342;0,7;Jaune;2;2;78081;0,040163934;4
78384;78384;0,41;Bleu;1;2;78123;0,040163934;4
78391;78391;2,04;Rouge;2;2;78130;0,040163934;4
78573;78573;0,3;Jaune;2;2;78310;0,040163934;4
78680;78680;0,32;Rouge;2;2;78417;0,040163934;4
79409;79409;1,16;Jaune;2;2;79144;0,040163934;4
79473;79473;0,35;Rouge;3;2;79207;0,040163934;4
79747;79747;0,7;Bleu;2;2;79480;0,040163934;4
80049;80049;1,17;Bleu;3;2;79781;0,040163934;4
80188;80188;0,7;Jaune;1;2;79920;0,040163934;4
80265;80265;0,31;Bleu;1;2;79997;0,040163934;4
80322;80322;1;Jaune;2;2;80054;0,040163934;4
82293;82293;0,4;Rouge;1;2;82023;0,040163934;4
82350;82350;0,3;Bleu;2;2;82080;0,040163934;4
83345;83345;0,59;Bleu;1;2;83071;0,040163934;4
83397;83397;1,51;Bleu;1;2;83121;0,040163934;4
84167;84167;0,51;Bleu;3;2;83886;0,040163934;4
84175;84175;0,35;Bleu;2;2;83894;0,040163934;4
84302;84302;2,15;Rouge;2;2;84021;0,040163934;4
84711;84711;0,77;Bleu;3;2;84430;0,040163934;4
84931;84931;1,52;Jaune;2;2;84650;0,040163934;4
85130;85130;0,25;Jaune;1;2;84847;0,040163934;4
85150;85150;2,09;Jaune;1;2;84867;0,040163934;4
85963;85963;0,3;Rouge;1;2;85678;0,040163934;4
86003;86003;1,06;Rouge;1;2;85718;0,040163934;4
86230;86230;0,3;Bleu;1;2;85945;0,040163934;4
86339;86339;1,52;Bleu;1;2;86054;0,040163934;4
86481;86481;0,29;Rouge;1;2;86195;0,040163934;4
86598;86598;1;Rouge;3;2;86311;0,040163934;4
86690;86690;0,5;Rouge;3;2;86403;0,040163934;4
87208;87208;0,3;Bleu;2;2;86919;0,040163934;4
87534;87534;0,9;Bleu;1;2;87245;0,040163934;4
87615;87615;1;Rouge;3;2;87326;0,040163934;4
87797;87797;0,72;Jaune;1;2;87508;0,040163934;4
88896;88896;0,7;Rouge;2;2;88606;0,040163934;4
88917;88917;0,91;Jaune;3;2;88627;0,040163934;4
88935;88935;0,9;Bleu;2;2;88645;0,040163934;4
89317;89317;1,54;Jaune;1;2;89026;0,040163934;4
89412;89412;1,74;Rouge;3;2;89121;0,040163934;4
89803;89803;1,53;Rouge;3;2;89511;0,040163934;4
89880;89880;0,57;Bleu;3;2;89587;0,040163934;4
90329;90329;1,52;Bleu;1;2;90033;0,040163934;4
90442;90442;1;Bleu;3;2;90145;0,040163934;4
90480;90480;1,11;Bleu;3;2;90181;0,040163934;4
91091;91091;0,31;Bleu;2;2;90791;0,040163934;4
91189;91189;0,9;Rouge;3;2;90889;0,040163934;4
91414;91414;0,71;Rouge;1;2;91114;0,040163934;4
91561;91561;0,95;Jaune;1;2;91260;0,040163934;4
92043;92043;1,5;Bleu;3;2;91742;0,040163934;4
92069;92069;0,24;Rouge;1;2;91768;0,040163934;4
92161;92161;1,03;Jaune;2;2;91860;0,040163934;4
92464;92464;0,45;Bleu;2;2;92161;0,040163934;4
93155;93155;0,36;Bleu;1;2;92849;0,040163934;4
93205;93205;1,07;Rouge;1;2;92899;0,040163934;4
93371;93371;0,91;Bleu;3;2;93065;0,040163934;4
93418;93418;0,59;Rouge;1;2;93112;0,040163934;4
93651;93651;0,51;Rouge;1;2;93345;0,040163934;4
93741;93741;0,31;Rouge;3;2;93435;0,040163934;4
93816;93816;0,3;Bleu;1;2;93510;0,040163934;4
93870;93870;0,42;Rouge;2;2;93564;0,040163934;4
93902;93902;0,41;Jaune;1;2;93596;0,040163934;4
95706;95706;0,52;Bleu;1;2;95394;0,040163934;4
95983;95983;1,51;Jaune;1;2;95670;0,040163934;4
96085;96085;0,81;Bleu;1;2;95771;0,040163934;4
96090;96090;0,56;Rouge;1;2;95776;0,040163934;4
96092;96092;0,79;Rouge;2;2;95778;0,040163934;4
96483;96483;0,5;Jaune;1;2;96168;0,040163934;4
96603;96603;0,4;Jaune;1;2;96288;0,040163934;4
97099;97099;1,5;Jaune;2;2;96783;0,040163934;4
97304;97304;0,33;Rouge;2;2;96988;0,040163934;4
97311;97311;0,3;Rouge;2;2;96995;0,040163934;4
97451;97451;0,3;Rouge;1;2;97134;0,040163934;4
97816;97816;0,52;Bleu;1;2;97499;0,040163934;4
97914;97914;1,26;Bleu;1;2;97597;0,040163934;4
97964;97964;0,4;Rouge;1;2;97647;0,040163934;4
98148;98148;0,73;Bleu;2;2;97831;0,040163934;4
98222;98222;1,52;Bleu;1;2;97905;0,040163934;4
98314;98314;1,24;Rouge;2;2;97997;0,040163934;4
98768;98768;0,46;Jaune;3;2;98449;0,040163934;4
99388;99388;1;Bleu;1;2;99068;0,040163934;4
99731;99731;1,07;Rouge;1;2;99410;0,040163934;4
99886;99886;3;Bleu;1;2;99564;0,040163934;4
101149;101149;2,07;Rouge;1;2;100823;0,040163934;4
101212;101212;0,55;Bleu;3;2;100886;0,040163934;4
101346;101346;0,9;Rouge;1;2;101020;0,040163934;4
101398;101398;0,91;Jaune;2;2;101072;0,040163934;4
101806;101806;0,77;Bleu;2;2;101479;0,040163934;4
102424;102424;0,3;Bleu;2;2;102095;0,040163934;4
102861;102861;0,51;Bleu;1;2;102532;0,040163934;4
103045;103045;0,28;Jaune;3;2;102715;0,040163934;4
103203;103203;0,3;Bleu;2;2;102873;0,040163934;4
104021;104021;0,5;Rouge;1;2;103688;0,040163934;4
104051;104051;0,3;Rouge;2;2;103718;0,040163934;4
104929;104929;0,72;Jaune;1;2;104594;0,040163934;4
105148;105148;0,41;Bleu;2;2;104812;0,040163934;4
105150;105150;0,48;Rouge;2;2;104814;0,040163934;4
105243;105243;0,31;Bleu;3;2;104905;0,040163934;4
105307;105307;0,39;Rouge;3;2;104969;0,040163934;4
105537;105537;0,7;Jaune;3;2;105199;0,040163934;4
105998;105998;0,36;Rouge;3;2;105657;0,040163934;4
106057;106057;0,31;Jaune;3;2;105716;0,040163934;4
106198;106198;0,41;Bleu;2;2;105856;0,040163934;4
106573;106573;0,55;Bleu;2;2;106228;0,040163934;4
106633;106633;1,06;Rouge;1;2;106288;0,040163934;4
106824;106824;0,54;Bleu;2;2;106479;0,040163934;4
106869;106869;0,33;Bleu;1;2;106524;0,040163934;4
106879;106879;0,3;Rouge;1;2;106534;0,040163934;4
107085;107085;0,42;Bleu;1;2;106737;0,040163934;4
107201;107201;0,24;Bleu;3;2;106853;0,040163934;4
107490;107490;0,31;Rouge;3;2;107141;0,040163934;4
107681;107681;1,24;Rouge;3;2;107330;0,040163934;4
108085;108085;1,35;Bleu;3;2;107733;0,040163934;4
108275;108275;0,3;Jaune;1;2;107923;0,040163934;4
108376;108376;0,52;Bleu;1;2;108023;0,040163934;4
108416;108416;0,34;Rouge;1;2;108063;0,040163934;4
108496;108496;1;Jaune;2;2;108142;0,040163934;4
108950;108950;0,9;Rouge;1;2;108595;0,040163934;4
108999;108999;1,51;Rouge;1;2;108644;0,040163934;4
109162;109162;1,42;Bleu;2;2;108806;0,040163934;4
109282;109282;1,23;Jaune;1;2;108926;0,040163934;4
109539;109539;0,52;Jaune;2;2;109182;0,040163934;4
109667;109667;0,64;Jaune;1;2;109310;0,040163934;4
109764;109764;0,72;Bleu;1;2;109407;0,040163934;4
110936;110936;0,56;Rouge;1;2;110577;0,040163934;4
110958;110958;1,15;Bleu;3;2;110598;0,040163934;4
111059;111059;1,1;Rouge;1;2;110699;0,040163934;4
111201;111201;1,19;Bleu;1;2;110841;0,040163934;4
111382;111382;0,43;Jaune;1;2;111022;0,040163934;4
111749;111749;0,31;Jaune;3;2;111388;0,040163934;4
111819;111819;0,32;Bleu;1;2;111457;0,040163934;4
111995;111995;0,33;Bleu;2;2;111633;0,040163934;4
112218;112218;0,31;Bleu;1;2;111856;0,040163934;4
112245;112245;0,59;Rouge;3;2;111883;0,040163934;4
112332;112332;0,77;Rouge;1;2;111970;0,040163934;4
112500;112500;0,25;Bleu;3;2;112138;0,040163934;4
112625;112625;1,71;Bleu;3;2;112263;0,040163934;4
112864;112864;0,5;Bleu;1;2;112500;0,040163934;4
113259;113259;0,3;Bleu;2;2;112893;0,040163934;4
113543;113543;0,9;Bleu;3;2;113177;0,040163934;4
113621;113621;0,36;Jaune;2;2;113255;0,040163934;4
114007;114007;0,35;Bleu;2;2;113640;0,040163934;4
114355;114355;1,51;Bleu;2;2;113985;0,040163934;4
114460;114460;0,36;Bleu;1;2;114089;0,040163934;4
115219;115219;0,7;Jaune;1;2;114845;0,040163934;4
115335;115335;0,8;Jaune;1;2;114961;0,040163934;4
115745;115745;0,35;Jaune;3;2;115370;0,040163934;4
115992;115992;0,31;Bleu;3;2;115616;0,040163934;4
116418;116418;1,7;Jaune;3;2;116040;0,040163934;4
116580;116580;0,53;Jaune;2;2;116200;0,040163934;4
116591;116591;2,28;Bleu;2;2;116211;0,040163934;4
116604;116604;0,3;Rouge;2;2;116224;0,040163934;4
116872;116872;0,63;Rouge;1;2;116490;0,040163934;4
117161;117161;0,8;Jaune;2;2;116776;0,040163934;4
117445;117445;2,01;Jaune;2;2;117059;0,040163934;4
117550;117550;0,72;Bleu;2;2;117164;0,040163934;4
117692;117692;0,31;Jaune;1;2;117306;0,040163934;4
117950;117950;0,39;Bleu;1;2;117561;0,040163934;4
118046;118046;1,2;Jaune;1;2;117657;0,040163934;4
118140;118140;0,3;Bleu;1;2;117750;0,040163934;4
118294;118294;1,02;Jaune;1;2;117904;0,040163934;4
118378;118378;0,4;Bleu;1;2;117987;0,040163934;4
119486;119486;0,6;Jaune;1;2;119091;0,040163934;4
119698;119698;0,42;Rouge;1;2;119303;0,040163934;4
119923;119923;1,11;Bleu;3;2;119524;0,040163934;4
120023;120023;0,31;Bleu;2;2;119624;0,040163934;4
120089;120089;0,33;Jaune;2;2;119690;0,040163934;4
120343;120343;0,32;Rouge;2;2;119944;0,040163934;4
120347;120347;0,3;Rouge;2;2;119948;0,040163934;4
120385;120385;0,7;Bleu;1;2;119986;0,040163934;4
121200;121200;2,11;Bleu;2;2;120800;0,040163934;4
NA;NA;NA;NA;NA;2;121027;0,040163934;4
NA.1;NA;NA;NA;NA;2;121263;0,040163934;4
31;31;1,5;Jaune;2;1;31;0,217895609;5
287;287;0,52;Bleu;3;1;285;0,217895609;5
571;571;2,29;Rouge;1;1;569;0,217895609;5
596;596;0,73;Jaune;2;1;594;0,217895609;5
712;712;1,65;Rouge;3;1;710;0,217895609;5
745;745;0,33;Bleu;2;1;743;0,217895609;5
768;768;2,14;Bleu;2;1;766;0,217895609;5
908;908;1,21;Rouge;3;1;906;0,217895609;5
1167;1167;1;Bleu;2;1;1165;0,217895609;5
1333;1333;0,73;Bleu;3;1;1330;0,217895609;5
1549;1549;0,4;Jaune;1;1;1545;0,217895609;5
1577;1577;2,15;Bleu;1;1;1573;0,217895609;5
1759;1759;1,11;Jaune;2;1;1754;0,217895609;5
1812;1812;0,5;Rouge;1;1;1807;0,217895609;5
2054;2054;0,7;Bleu;3;1;2048;0,217895609;5
2428;2428;0,31;Bleu;2;1;2418;0,217895609;5
2930;2930;0,41;Rouge;2;1;2920;0,217895609;5
3394;3394;0,31;Jaune;2;1;3383;0,217895609;5
3418;3418;0,9;Bleu;3;1;3407;0,217895609;5
3422;3422;0,7;Jaune;1;1;3411;0,217895609;5
3537;3537;0,71;Jaune;1;1;3525;0,217895609;5
3552;3552;0,54;Bleu;1;1;3540;0,217895609;5
3701;3701;0,35;Bleu;1;1;3687;0,217895609;5
3933;3933;1,42;Bleu;1;1;3919;0,217895609;5
4195;4195;0,32;Bleu;2;1;4181;0,217895609;5
4333;4333;1,51;Bleu;2;1;4319;0,217895609;5
4476;4476;2,14;Bleu;2;1;4462;0,217895609;5
4748;4748;0,32;Bleu;1;1;4733;0,217895609;5
5125;5125;0,59;Rouge;2;1;5108;0,217895609;5
5188;5188;0,41;Rouge;2;1;5171;0,217895609;5
5256;5256;0,33;Rouge;1;1;5239;0,217895609;5
5434;5434;0,34;Bleu;1;1;5414;0,217895609;5
5502;5502;0,3;Jaune;1;1;5482;0,217895609;5
5574;5574;0,32;Bleu;3;1;5553;0,217895609;5
5793;5793;0,41;Bleu;1;1;5771;0,217895609;5
5827;5827;1,58;Rouge;1;1;5805;0,217895609;5
5845;5845;2,41;Rouge;2;1;5823;0,217895609;5
5919;5919;0,72;Bleu;2;1;5897;0,217895609;5
6039;6039;0,9;Rouge;1;1;6017;0,217895609;5
6254;6254;1,29;Rouge;1;1;6232;0,217895609;5
6673;6673;0,79;Jaune;2;1;6649;0,217895609;5
6780;6780;1,3;Bleu;1;1;6756;0,217895609;5
6953;6953;0,72;Jaune;3;1;6929;0,2178956;5
6971;6971;0,31;Jaune;3;1;6947;0,2178956;5
7155;7155;0,41;Rouge;2;1;7130;0,2178956;5
7304;7304;0,3;Jaune;2;1;7279;0,2178956;5
7339;7339;1,02;Rouge;3;1;7314;0,2178956;5
7659;7659;0,31;Jaune;1;1;7634;0,2178956;5
8133;8133;0,32;Jaune;2;1;8106;0,2178956;5
8364;8364;0,39;Rouge;2;1;8337;0,2178956;5
8630;8630;1,61;Jaune;2;1;8602;0,2178956;5
8693;8693;0,9;Bleu;1;1;8665;0,2178956;5
9294;9294;1,01;Bleu;1;1;9265;0,2178956;5
9431;9431;1,01;Rouge;1;1;9401;0,2178956;5
9458;9458;1,01;Bleu;2;1;9428;0,2178956;5
9461;9461;1,51;Jaune;1;1;9431;0,2178956;5
9681;9681;1,1;Jaune;2;1;9649;0,2178956;5
9972;9972;1,5;Rouge;1;1;9939;0,2178956;5
10095;10095;0,4;Bleu;3;1;10061;0,2178956;5
10146;10146;0,52;Rouge;1;1;10112;0,2178956;5
10302;10302;0,8;Rouge;1;1;10268;0,2178956;5
10534;10534;0,9;Bleu;1;1;10500;0,2178956;5
10541;10541;1,43;Bleu;1;1;10507;0,2178956;5
10566;10566;1;Bleu;1;1;10531;0,2178956;5
10710;10710;1,05;Rouge;2;1;10675;0,2178956;5
10739;10739;1,21;Jaune;3;1;10704;0,2178956;5
10816;10816;0,33;Jaune;2;1;10781;0,2178956;5
10832;10832;0,77;Jaune;2;1;10797;0,2178956;5
10858;10858;0,41;Rouge;1;1;10823;0,2178956;5
10887;10887;1,11;Rouge;3;1;10852;0,2178956;5
10938;10938;0,25;Rouge;3;1;10903;0,2178956;5
11049;11049;0,7;Jaune;2;1;11014;0,2178956;5
11105;11105;2,1;Rouge;1;1;11070;0,2178956;5
11149;11149;0,95;Jaune;2;1;11114;0,2178956;5
11280;11280;0,35;Jaune;1;1;11245;0,2178956;5
11778;11778;0,23;Jaune;2;1;11741;0,2178956;5
11898;11898;0,27;Rouge;2;1;11861;0,2178956;5
12237;12237;0,27;Jaune;2;1;12199;0,2178956;5
12253;12253;0,9;Rouge;2;1;12215;0,2178956;5
12376;12376;1,01;Jaune;3;1;12338;0,2178956;5
12434;12434;0,4;Rouge;1;1;12396;0,2178956;5
12829;12829;1,01;Jaune;2;1;12790;0,2178956;5
12987;12987;0,59;Bleu;1;1;12948;0,2178956;5
12999;12999;1,26;Jaune;1;1;12960;0,2178956;5
13037;13037;0,31;Rouge;2;1;12998;0,2178956;5
13446;13446;0,72;Rouge;1;1;13404;0,2178956;5
13568;13568;0,24;Jaune;3;1;13526;0,2178956;5
14045;14045;0,23;Rouge;1;1;14002;0,2178956;5
14151;14151;0,31;Rouge;1;1;14108;0,2178956;5
14203;14203;0,3;Bleu;1;1;14160;0,2178956;5
14221;14221;2,18;Bleu;1;1;14178;0,2178956;5
14232;14232;1,37;Rouge;3;1;14189;0,2178956;5
14234;14234;1,04;Rouge;1;1;14191;0,2178956;5
14315;14315;0,9;Rouge;2;1;14272;0,2178956;5
14426;14426;1,5;Rouge;1;1;14383;0,2178956;5
14519;14519;0,34;Rouge;2;1;14476;0,2178956;5
14700;14700;0,58;Jaune;2;1;14655;0,2178956;5
14820;14820;0,71;Jaune;3;1;14775;0,2178956;5
14936;14936;0,58;Bleu;1;1;14890;0,2178956;5
15020;15020;1,02;Bleu;3;1;14974;0,2178956;5
15215;15215;0,5;Bleu;2;1;15168;0,2178956;5
15261;15261;0,33;Rouge;1;1;15214;0,2178956;5
15313;15313;0,33;Jaune;3;1;15265;0,2178956;5
15394;15394;0,31;Rouge;2;1;15346;0,2178956;5
15502;15502;0,34;Bleu;1;1;15454;0,2178956;5
15629;15629;0,31;Rouge;2;1;15581;0,2178956;5
15635;15635;1;Rouge;1;1;15587;0,2178956;5
15833;15833;0,5;Rouge;1;1;15785;0,2178956;5
15926;15926;0,54;Rouge;1;1;15878;0,2178956;5
16995;16995;0,7;Rouge;1;1;16942;0,2178956;5
17380;17380;0,4;Rouge;1;1;17327;0,2178956;5
17722;17722;0,31;Jaune;3;1;17669;0,2178956;5
17750;17750;0,32;Jaune;3;1;17697;0,2178956;5
17815;17815;0,91;Rouge;1;1;17762;0,2178956;5
17958;17958;0,31;Rouge;1;1;17904;0,2178956;5
18054;18054;0,34;Bleu;3;1;17999;0,2178956;5
18094;18094;0,7;Jaune;3;1;18039;0,2178956;5
18140;18140;1,01;Bleu;1;1;18085;0,2178956;5
18163;18163;0,72;Rouge;1;1;18108;0,2178956;5
18186;18186;0,54;Rouge;2;1;18131;0,2178956;5
18322;18322;1,24;Bleu;2;1;18267;0,2178956;5
18335;18335;0,31;Bleu;1;1;18280;0,2178956;5
18375;18375;0,37;Rouge;2;1;18320;0,2178956;5
18567;18567;0,37;Rouge;2;1;18512;0,2178956;5
18606;18606;0,3;Jaune;3;1;18551;0,2178956;5
18612;18612;1,52;Bleu;1;1;18557;0,2178956;5
18631;18631;0,78;Bleu;1;1;18576;0,2178956;5
18657;18657;0,38;Rouge;3;1;18602;0,2178956;5
18773;18773;2,14;Bleu;3;1;18718;0,2178956;5
18776;18776;0,55;Rouge;2;1;18721;0,2178956;5
19302;19302;0,91;Jaune;2;1;19247;0,2178956;5
19450;19450;0,7;Bleu;1;1;19395;0,2178956;5
19451;19451;0,4;Bleu;2;1;19396;0,2178956;5
19594;19594;1,01;Bleu;2;1;19538;0,2178956;5
19610;19610;0,71;Bleu;2;1;19553;0,2178956;5
19887;19887;0,41;Bleu;1;1;19828;0,2178956;5
19976;19976;0,61;Bleu;1;1;19917;0,2178956;5
20196;20196;0,31;Rouge;1;1;20137;0,2178956;5
20227;20227;0,61;Jaune;1;1;20168;0,2178956;5
20746;20746;0,33;Bleu;3;1;20684;0,2178956;5
21259;21259;0,4;Rouge;1;1;21194;0,2178956;5
21344;21344;0,7;Jaune;2;1;21279;0,2178956;5
21383;21383;0,5;Jaune;1;1;21318;0,2178956;5
21586;21586;0,36;Bleu;2;1;21519;0,2178956;5
21594;21594;2,09;Jaune;1;1;21527;0,2178956;5
21837;21837;0,72;Rouge;2;1;21770;0,2178956;5
21919;21919;1,54;Rouge;2;1;21852;0,2178956;5
22061;22061;0,36;Rouge;3;1;21993;0,2178956;5
22134;22134;0,55;Bleu;1;1;22066;0,2178956;5
22210;22210;2,01;Jaune;1;1;22142;0,2178956;5
22592;22592;0,54;Rouge;3;1;22523;0,2178956;5
22603;22603;0,3;Jaune;1;1;22534;0,2178956;5
22679;22679;0,7;Rouge;2;1;22610;0,2178956;5
22820;22820;0,41;Rouge;1;1;22751;0,2178956;5
23006;23006;0,59;Rouge;1;1;22937;0,2178956;5
23186;23186;0,5;Jaune;1;1;23116;0,2178956;5
23314;23314;2,01;Rouge;2;1;23244;0,2178956;5
23348;23348;1,23;Bleu;1;1;23278;0,2178956;5
24054;24054;0,55;Bleu;2;1;23979;0,2178956;5
24210;24210;0,94;Rouge;1;1;24133;0,2178956;5
24225;24225;0,3;Rouge;1;1;24148;0,2178956;5
24510;24510;0,31;Jaune;2;1;24433;0,2178956;5
24667;24667;0,23;Rouge;1;1;24590;0,2178956;5
24826;24826;0,3;Rouge;1;1;24749;0,2178956;5
24878;24878;1,14;Rouge;2;1;24800;0,2178956;5
25433;25433;0,31;Bleu;3;1;25350;0,2178956;5
25522;25522;1,19;Jaune;1;1;25439;0,2178956;5
25578;25578;2,05;Jaune;2;1;25495;0,2178956;5
25969;25969;0,61;Rouge;3;1;25886;0,2178956;5
26054;26054;1,09;Bleu;2;1;25971;0,2178956;5
26325;26325;1,57;Rouge;1;1;26240;0,2178956;5
26391;26391;1,01;Rouge;2;1;26306;0,2178956;5
26417;26417;0,91;Jaune;1;1;26332;0,2178956;5
26570;26570;0,9;Bleu;2;1;26484;0,2178956;5
26687;26687;0,36;Bleu;1;1;26601;0,2178956;5
26716;26716;0,3;Rouge;2;1;26630;0,2178956;5
26755;26755;0,7;Bleu;1;1;26668;0,2178956;5
26776;26776;1,03;Rouge;2;1;26689;0,2178956;5
27035;27035;0,26;Rouge;1;1;26946;0,2178956;5
27185;27185;1,14;Bleu;2;1;27096;0,2178956;5
27430;27430;1,49;Jaune;1;1;27341;0,2178956;5
27451;27451;0,32;Jaune;3;1;27362;0,2178956;5
27659;27659;0,71;Jaune;2;1;27568;0,2178956;5
27765;27765;0,31;Rouge;1;1;27674;0,2178956;5
27823;27823;0,36;Bleu;2;1;27731;0,2178956;5
27827;27827;0,32;Rouge;3;1;27735;0,2178956;5
27889;27889;1,52;Rouge;3;1;27797;0,2178956;5
27943;27943;1,58;Bleu;1;1;27851;0,2178956;5
28047;28047;0,91;Rouge;2;1;27955;0,2178956;5
28091;28091;0,78;Jaune;2;1;27999;0,2178956;5
28129;28129;0,37;Rouge;2;1;28036;0,2178956;5
28181;28181;0,33;Bleu;1;1;28088;0,2178956;5
28497;28497;1,46;Bleu;1;1;28403;0,2178956;5
28557;28557;1,13;Rouge;2;1;28463;0,2178956;5
28569;28569;0,4;Bleu;1;1;28475;0,2178956;5
28572;28572;0,74;Jaune;1;1;28478;0,2178956;5
28858;28858;1,01;Jaune;1;1;28764;0,2178956;5
28891;28891;0,61;Bleu;3;1;28797;0,2178956;5
28961;28961;1,1;Rouge;1;1;28867;0,2178956;5
28993;28993;0,31;Jaune;2;1;28899;0,2178956;5
29245;29245;0,31;Rouge;1;1;29150;0,2178956;5
29288;29288;0,26;Rouge;1;1;29193;0,2178956;5
29314;29314;1;Jaune;1;1;29219;0,2178956;5
29332;29332;1,21;Jaune;2;1;29237;0,2178956;5
29506;29506;1,51;Bleu;3;1;29410;0,2178956;5
29514;29514;0,31;Rouge;1;1;29418;0,2178956;5
29649;29649;0,3;Bleu;1;1;29553;0,2178956;5
29650;29650;0,39;Rouge;2;1;29554;0,2178956;5
29776;29776;1,2;Rouge;3;1;29680;0,2178956;5
29923;29923;1;Rouge;1;1;29827;0,2178956;5
30055;30055;0,41;Jaune;2;1;29959;0,2178956;5
30178;30178;0,31;Jaune;3;1;30082;0,2178956;5
30526;30526;0,52;Bleu;1;1;30429;0,2178956;5
30592;30592;0,3;Bleu;2;1;30495;0,2178956;5
30731;30731;1,13;Rouge;2;1;30634;0,2178956;5
30826;30826;0,34;Rouge;1;1;30728;0,2178956;5
31204;31204;0,31;Rouge;3;1;31106;0,2178956;5
31213;31213;1,09;Jaune;1;1;31115;0,2178956;5
31214;31214;0,5;Jaune;1;1;31116;0,2178956;5
31219;31219;0,42;Rouge;1;1;31121;0,2178956;5
31221;31221;0,31;Bleu;1;1;31123;0,2178956;5
31597;31597;1,02;Rouge;2;1;31494;0,2178956;5
31652;31652;0,45;Bleu;2;1;31548;0,2178956;5
32073;32073;1,2;Jaune;3;1;31968;0,2178956;5
32272;32272;0,3;Bleu;3;1;32164;0,2178956;5
32337;32337;0,3;Rouge;3;1;32229;0,2178956;5
32653;32653;0,3;Rouge;2;1;32545;0,2178956;5
32930;32930;0,61;Bleu;2;1;32822;0,2178956;5
33047;33047;1,02;Jaune;1;1;32938;0,2178956;5
33111;33111;0,51;Bleu;3;1;33002;0,2178956;5
33235;33235;0,5;Bleu;3;1;33126;0,2178956;5
33256;33256;0,38;Jaune;1;1;33147;0,2178956;5
33258;33258;1,5;Rouge;1;1;33149;0,2178956;5
33278;33278;1,54;Jaune;2;1;33169;0,2178956;5
33635;33635;0,71;Bleu;1;1;33525;0,2178956;5
33695;33695;0,35;Bleu;2;1;33585;0,2178956;5
33777;33777;0,62;Rouge;2;1;33666;0,2178956;5
33805;33805;0,58;Jaune;2;1;33694;0,2178956;5
34030;34030;0,76;Rouge;1;1;33919;0,2178956;5
34386;34386;1,25;Bleu;3;1;34273;0,2178956;5
34388;34388;0,73;Rouge;3;1;34275;0,2178956;5
34644;34644;1,5;Rouge;1;1;34530;0,2178956;5
34898;34898;0,79;Rouge;3;1;34784;0,2178956;5
34905;34905;0,8;Bleu;1;1;34791;0,2178956;5
34951;34951;1,05;Bleu;2;1;34837;0,2178956;5
34994;34994;0,35;Jaune;2;1;34880;0,2178956;5
35095;35095;0,91;Rouge;1;1;34981;0,2178956;5
35179;35179;0,51;Bleu;3;1;35063;0,2178956;5
35468;35468;0,35;Rouge;1;1;35350;0,2178956;5
35592;35592;0,43;Jaune;3;1;35474;0,2178956;5
36054;36054;0,41;Rouge;2;1;35935;0,2178956;5
36163;36163;1,03;Bleu;1;1;36044;0,2178956;5
36195;36195;0,3;Bleu;2;1;36076;0,2178956;5
36363;36363;1,14;Rouge;2;1;36244;0,2178956;5
36578;36578;1,09;Bleu;1;1;36459;0,2178956;5
36695;36695;0,31;Jaune;1;1;36576;0,2178956;5
36727;36727;1,56;Bleu;1;1;36608;0,2178956;5
36837;36837;1,2;Bleu;2;1;36718;0,2178956;5
36912;36912;0,38;Bleu;2;1;36793;0,2178956;5
36988;36988;1;Bleu;2;1;36868;0,2178956;5
37140;37140;0,41;Rouge;2;1;37018;0,2178956;5
37338;37338;1,05;Bleu;1;1;37216;0,2178956;5
37510;37510;0,6;Bleu;1;1;37388;0,2178956;5
37519;37519;0,5;Jaune;2;1;37397;0,2178956;5
37669;37669;0,63;Rouge;1;1;37547;0,2178956;5
37745;37745;1,21;Bleu;3;1;37623;0,2178956;5
37846;37846;0,7;Jaune;2;1;37724;0,2178956;5
38052;38052;0,27;Rouge;1;1;37928;0,2178956;5
38331;38331;0,54;Rouge;1;1;38206;0,2178956;5
38363;38363;0,25;Bleu;1;1;38238;0,2178956;5
38841;38841;0,33;Bleu;2;1;38715;0,2178956;5
38904;38904;1,21;Bleu;1;1;38778;0,2178956;5
38954;38954;0,5;Rouge;1;1;38828;0,2178956;5
39007;39007;0,3;Jaune;1;1;38881;0,2178956;5
39119;39119;1,51;Bleu;1;1;38993;0,2178956;5
39289;39289;1,09;Jaune;1;1;39163;0,2178956;5
39329;39329;0,31;Jaune;1;1;39203;0,2178956;5
39533;39533;0,34;Bleu;2;1;39407;0,2178956;5
39634;39634;1,2;Rouge;1;1;39508;0,2178956;5
39682;39682;0,61;Bleu;3;1;39556;0,2178956;5
39694;39694;0,9;Jaune;1;1;39568;0,2178956;5
39821;39821;0,9;Rouge;2;1;39693;0,2178956;5
39883;39883;0,75;Jaune;1;1;39755;0,2178956;5
39981;39981;0,47;Rouge;1;1;39853;0,2178956;5
40229;40229;2;Jaune;1;1;40101;0,2178956;5
41150;41150;0,62;Bleu;2;1;41017;0,2178956;5
41247;41247;1,08;Rouge;2;1;41114;0,2178956;5
41367;41367;0,91;Rouge;1;1;41234;0,2178956;5
41555;41555;0,3;Rouge;2;1;41422;0,2178956;5
41634;41634;0,34;Jaune;1;1;41501;0,2178956;5
41977;41977;1,01;Rouge;2;1;41844;0,2178956;5
42238;42238;2,01;Bleu;1;1;42104;0,2178956;5
42367;42367;1,4;Jaune;1;1;42233;0,2178956;5
42576;42576;1,22;Jaune;3;1;42440;0,2178956;5
42752;42752;0,73;Rouge;3;1;42616;0,2178956;5
42757;42757;1,04;Rouge;1;1;42621;0,2178956;5
43044;43044;0,58;Bleu;2;1;42907;0,2178956;5
43087;43087;1,02;Bleu;3;1;42950;0,2178956;5
43133;43133;1,02;Bleu;1;1;42996;0,2178956;5
43333;43333;0,34;Rouge;2;1;43196;0,2178956;5
43407;43407;0,91;Jaune;2;1;43269;0,2178956;5
43567;43567;1,2;Bleu;2;1;43428;0,2178956;5
43731;43731;1,08;Rouge;2;1;43591;0,2178956;5
43979;43979;0,32;Rouge;2;1;43839;0,2178956;5
44203;44203;1,21;Bleu;1;1;44063;0,2178956;5
44237;44237;1,71;Rouge;2;1;44097;0,2178956;5
44393;44393;1,01;Jaune;3;1;44251;0,2178956;5
44406;44406;0,7;Bleu;3;1;44264;0,2178956;5
44606;44606;0,38;Bleu;2;1;44463;0,2178956;5
44962;44962;0,9;Bleu;1;1;44818;0,2178956;5
44996;44996;0,32;Bleu;1;1;44851;0,2178956;5
45040;45040;2,24;Jaune;3;1;44895;0,2178956;5
45091;45091;0,42;Rouge;3;1;44945;0,2178956;5
45314;45314;0,9;Bleu;1;1;45166;0,2178956;5
45434;45434;0,72;Bleu;3;1;45286;0,2178956;5
45463;45463;0,3;Rouge;2;1;45314;0,2178956;5
45756;45756;0,4;Bleu;1;1;45606;0,2178956;5
46038;46038;0,7;Jaune;1;1;45888;0,2178956;5
46083;46083;0,3;Bleu;2;1;45933;0,2178956;5
46183;46183;1,01;Rouge;2;1;46033;0,2178956;5
46460;46460;0,54;Bleu;1;1;46310;0,2178956;5
46715;46715;0,4;Rouge;2;1;46564;0,2178956;5
46730;46730;0,3;Jaune;1;1;46578;0,2178956;5
46817;46817;0,25;Jaune;3;1;46665;0,2178956;5
46911;46911;0,24;Jaune;1;1;46759;0,2178956;5
47178;47178;1,09;Bleu;1;1;47024;0,2178956;5
47200;47200;1,01;Bleu;1;1;47046;0,2178956;5
47435;47435;0,44;Bleu;3;1;47279;0,2178956;5
47450;47450;0,7;Bleu;1;1;47294;0,2178956;5
47480;47480;0,3;Jaune;1;1;47324;0,2178956;5
47545;47545;0,71;Rouge;2;1;47389;0,2178956;5
47596;47596;1;Bleu;3;1;47439;0,2178956;5
47632;47632;0,63;Rouge;2;1;47475;0,2178956;5
47679;47679;0,32;Bleu;2;1;47522;0,2178956;5
48178;48178;0,51;Bleu;1;1;48018;0,2178956;5
48396;48396;0,7;Bleu;2;1;48236;0,2178956;5
48605;48605;1,01;Jaune;1;1;48444;0,2178956;5
48798;48798;0,58;Rouge;3;1;48636;0,2178956;5
48810;48810;0,42;Rouge;3;1;48648;0,2178956;5
48874;48874;1;Bleu;3;1;48712;0,2178956;5
49145;49145;0,35;Bleu;2;1;48982;0,2178956;5
49239;49239;0,49;Bleu;1;1;49076;0,2178956;5
49280;49280;0,28;Rouge;1;1;49117;0,2178956;5
49885;49885;1;Jaune;2;1;49722;0,2178956;5
50203;50203;0,9;Bleu;1;1;50040;0,2178956;5
50567;50567;0,39;Jaune;2;1;50403;0,2178956;5
50580;50580;0,28;Rouge;1;1;50416;0,2178956;5
50743;50743;0,44;Rouge;3;1;50579;0,2178956;5
50802;50802;2,4;Jaune;2;1;50638;0,2178956;5
51071;51071;1,02;Rouge;3;1;50907;0,2178956;5
51105;51105;0,4;Bleu;1;1;50941;0,2178956;5
51410;51410;0,7;Bleu;1;1;51245;0,2178956;5
51484;51484;0,39;Rouge;1;1;51319;0,2178956;5
51527;51527;1;Bleu;1;1;51362;0,2178956;5
51799;51799;0,9;Bleu;2;1;51634;0,2178956;5
52072;52072;0,5;Rouge;1;1;51907;0,2178956;5
52192;52192;2,11;Rouge;2;1;52027;0,2178956;5
52235;52235;0,3;Bleu;3;1;52070;0,2178956;5
52364;52364;0,43;Rouge;2;1;52199;0,2178956;5
52513;52513;0,89;Rouge;2;1;52348;0,2178956;5
52554;52554;0,3;Bleu;1;1;52389;0,2178956;5
52632;52632;0,32;Jaune;2;1;52467;0,2178956;5
52699;52699;0,7;Rouge;2;1;52534;0,2178956;5
52876;52876;1,7;Jaune;2;1;52710;0,2178956;5
53553;53553;0,41;Rouge;2;1;53386;0,2178956;5
53624;53624;0,74;Rouge;1;1;53457;0,2178956;5
53693;53693;0,75;Bleu;1;1;53526;0,2178956;5
53957;53957;1,04;Rouge;1;1;53789;0,2178956;5
54348;54348;0,33;Bleu;2;1;54179;0,2178956;5
54352;54352;0,8;Rouge;2;1;54183;0,2178956;5
54381;54381;0,31;Bleu;3;1;54212;0,2178956;5
54382;54382;0,41;Bleu;3;1;54213;0,2178956;5
54514;54514;0,72;Bleu;1;1;54345;0,2178956;5
54608;54608;1,01;Jaune;3;1;54439;0,2178956;5
54778;54778;0,32;Rouge;1;1;54608;0,2178956;5
54873;54873;0,44;Rouge;1;1;54702;0,2178956;5
54878;54878;0,55;Jaune;1;1;54707;0,2178956;5
55001;55001;0,31;Jaune;2;1;54830;0,2178956;5
55029;55029;0,8;Jaune;2;1;54858;0,2178956;5
55239;55239;1,53;Bleu;2;1;55068;0,2178956;5
55589;55589;1,52;Jaune;2;1;55414;0,2178956;5
55599;55599;0,83;Jaune;1;1;55424;0,2178956;5
55636;55636;0,52;Jaune;3;1;55461;0,2178956;5
56054;56054;1;Bleu;2;1;55877;0,2178956;5
56114;56114;0,56;Bleu;1;1;55936;0,2178956;5
56312;56312;0,42;Bleu;1;1;56134;0,2178956;5
56345;56345;1,22;Rouge;2;1;56167;0,2178956;5
56524;56524;1,21;Bleu;3;1;56346;0,2178956;5
56902;56902;1,06;Bleu;1;1;56721;0,2178956;5
57261;57261;1,22;Rouge;3;1;57078;0,2178956;5
57361;57361;0,3;Jaune;3;1;57178;0,2178956;5
57515;57515;1,21;Rouge;3;1;57331;0,2178956;5
57817;57817;0,6;Rouge;1;1;57631;0,2178956;5
57823;57823;1,23;Rouge;1;1;57637;0,2178956;5
58014;58014;0,3;Bleu;3;1;57828;0,2178956;5
58142;58142;0,23;Bleu;1;1;57956;0,2178956;5
58188;58188;0,9;Jaune;1;1;58002;0,2178956;5
58316;58316;0,41;Rouge;3;1;58129;0,2178956;5
58444;58444;0,31;Bleu;1;1;58257;0,2178956;5
58502;58502;0,61;Rouge;3;1;58315;0,2178956;5
58553;58553;0,52;Jaune;1;1;58366;0,2178956;5
58714;58714;0,7;Rouge;2;1;58527;0,2178956;5
58889;58889;0,42;Rouge;1;1;58702;0,2178956;5
58899;58899;0,33;Rouge;2;1;58712;0,2178956;5
58984;58984;0,5;Rouge;1;1;58797;0,2178956;5
59005;59005;2,04;Rouge;1;1;58817;0,2178956;5
59187;59187;1,03;Rouge;2;1;58999;0,2178956;5
59483;59483;0,4;Rouge;2;1;59294;0,2178956;5
59871;59871;1;Bleu;3;1;59682;0,2178956;5
59933;59933;0,52;Rouge;1;1;59744;0,2178956;5
60976;60976;1,03;Bleu;1;1;60784;0,2178956;5
61014;61014;0,56;Bleu;2;1;60822;0,2178956;5
61073;61073;1,01;Rouge;2;1;60881;0,2178956;5
61208;61208;1,8;Bleu;1;1;61016;0,2178956;5
61391;61391;0,81;Bleu;1;1;61196;0,2178956;5
61695;61695;0,85;Rouge;3;1;61500;0,2178956;5
62059;62059;1;Rouge;2;1;61862;0,2178956;5
62358;62358;1,71;Bleu;1;1;62160;0,2178956;5
62521;62521;0,24;Jaune;3;1;62322;0,2178956;5
62724;62724;0,34;Bleu;1;1;62524;0,2178956;5
63232;63232;0,72;Jaune;3;1;63031;0,2178956;5
63702;63702;0,38;Rouge;1;1;63499;0,2178956;5
64038;64038;0,72;Bleu;1;1;63835;0,2178956;5
64388;64388;0,43;Jaune;1;1;64184;0,2178956;5
64465;64465;1,06;Jaune;2;1;64261;0,2178956;5
64788;64788;1,01;Rouge;2;1;64584;0,2178956;5
65427;65427;0,38;Bleu;1;1;65218;0,2178956;5
65457;65457;1,5;Rouge;2;1;65248;0,2178956;5
65694;65694;1,11;Rouge;1;1;65483;0,2178956;5
65871;65871;1,16;Rouge;1;1;65660;0,2178956;5
66362;66362;1,12;Bleu;1;1;66151;0,2178956;5
66397;66397;0,25;Jaune;1;1;66186;0,2178956;5
66406;66406;0,33;Bleu;3;1;66195;0,2178956;5
66416;66416;0,7;Bleu;3;1;66205;0,2178956;5
66520;66520;0,56;Bleu;2;1;66309;0,2178956;5
66797;66797;0,95;Jaune;1;1;66584;0,2178956;5
66844;66844;0,33;Rouge;1;1;66631;0,2178956;5
66945;66945;1,26;Jaune;3;1;66732;0,2178956;5
66966;66966;0,3;Bleu;2;1;66753;0,2178956;5
67058;67058;1,28;Bleu;1;1;66843;0,2178956;5
67444;67444;0,9;Bleu;3;1;67228;0,2178956;5
67489;67489;0,74;Bleu;1;1;67273;0,2178956;5
67640;67640;1,03;Bleu;2;1;67424;0,2178956;5
67851;67851;1,05;Rouge;2;1;67635;0,2178956;5
68119;68119;0,38;Bleu;2;1;67903;0,2178956;5
68203;68203;0,32;Rouge;1;1;67987;0,2178956;5
68557;68557;0,72;Rouge;3;1;68339;0,2178956;5
68715;68715;0,7;Bleu;1;1;68497;0,2178956;5
68718;68718;0,36;Bleu;2;1;68500;0,2178956;5
68787;68787;0,39;Bleu;3;1;68568;0,2178956;5
68810;68810;2;Jaune;1;1;68591;0,2178956;5
68820;68820;1,29;Jaune;1;1;68601;0,2178956;5
69004;69004;1,07;Jaune;1;1;68785;0,2178956;5
69038;69038;0,72;Rouge;1;1;68818;0,2178956;5
69151;69151;0,3;Rouge;1;1;68930;0,2178956;5
69180;69180;0,52;Rouge;2;1;68959;0,2178956;5
69193;69193;0,55;Bleu;1;1;68972;0,2178956;5
69254;69254;0,4;Bleu;1;1;69033;0,2178956;5
69355;69355;0,33;Bleu;3;1;69134;0,2178956;5
69410;69410;0,7;Bleu;3;1;69189;0,2178956;5
69455;69455;0,38;Bleu;2;1;69234;0,2178956;5
69869;69869;1,5;Bleu;1;1;69647;0,2178956;5
69971;69971;1,55;Bleu;1;1;69749;0,2178956;5
70308;70308;0,31;Rouge;2;1;70084;0,2178956;5
70392;70392;1,2;Bleu;2;1;70167;0,2178956;5
70501;70501;1,52;Jaune;3;1;70276;0,2178956;5
70669;70669;0,3;Rouge;2;1;70443;0,2178956;5
70795;70795;1,11;Bleu;1;1;70568;0,2178956;5
70916;70916;0,4;Jaune;1;1;70689;0,2178956;5
70989;70989;0,54;Bleu;1;1;70761;0,2178956;5
71267;71267;0,41;Bleu;2;1;71037;0,2178956;5
71270;71270;0,52;Rouge;2;1;71040;0,2178956;5
71610;71610;0,73;Rouge;1;1;71377;0,2178956;5
71793;71793;0,51;Bleu;3;1;71559;0,2178956;5
72031;72031;0,52;Bleu;2;1;71797;0,2178956;5
72153;72153;0,5;Bleu;1;1;71919;0,2178956;5
72251;72251;0,74;Rouge;2;1;72017;0,2178956;5
72551;72551;0,38;Rouge;1;1;72315;0,2178956;5
72560;72560;1;Rouge;3;1;72324;0,2178956;5
72701;72701;0,82;Bleu;1;1;72465;0,2178956;5
72743;72743;0,7;Bleu;2;1;72507;0,2178956;5
73081;73081;1,03;Rouge;2;1;72844;0,2178956;5
73147;73147;0,26;Rouge;1;1;72909;0,2178956;5
73224;73224;1,2;Bleu;1;1;72985;0,2178956;5
73429;73429;1,01;Bleu;1;1;73190;0,2178956;5
73473;73473;0,54;Jaune;1;1;73233;0,2178956;5
73798;73798;2,05;Jaune;1;1;73557;0,2178956;5
73805;73805;1,29;Rouge;2;1;73564;0,2178956;5
73951;73951;0,55;Jaune;1;1;73710;0,2178956;5
74199;74199;1,2;Bleu;1;1;73958;0,2178956;5
74270;74270;0,31;Jaune;2;1;74029;0,2178956;5
74506;74506;0,37;Rouge;2;1;74263;0,2178956;5
74575;74575;0,53;Bleu;2;1;74330;0,2178956;5
74651;74651;1,5;Bleu;1;1;74405;0,2178956;5
74727;74727;0,9;Bleu;2;1;74481;0,2178956;5
74826;74826;1,2;Rouge;1;1;74579;0,2178956;5
74885;74885;1,25;Rouge;1;1;74637;0,2178956;5
74921;74921;0,4;Jaune;3;1;74672;0,2178956;5
75033;75033;0,71;Rouge;2;1;74784;0,2178956;5
75335;75335;0,71;Bleu;1;1;75084;0,2178956;5
75621;75621;0,53;Jaune;1;1;75370;0,2178956;5
75721;75721;0,41;Rouge;2;1;75469;0,2178956;5
75747;75747;1,66;Bleu;2;1;75495;0,2178956;5
76071;76071;0,31;Bleu;1;1;75819;0,2178956;5
76228;76228;1,5;Bleu;1;1;75976;0,2178956;5
77129;77129;0,33;Rouge;1;1;76873;0,2178956;5
77162;77162;1;Jaune;1;1;76906;0,2178956;5
77186;77186;0,34;Jaune;3;1;76930;0,2178956;5
77379;77379;0,7;Bleu;1;1;77123;0,2178956;5
77446;77446;0,3;Bleu;1;1;77190;0,2178956;5
77501;77501;2,18;Jaune;1;1;77245;0,2178956;5
77844;77844;0,37;Jaune;3;1;77588;0,2178956;5
77982;77982;0,41;Rouge;1;1;77726;0,2178956;5
78044;78044;0,41;Bleu;2;1;77787;0,2178956;5
78610;78610;1,23;Rouge;2;1;78347;0,2178956;5
78747;78747;1,07;Jaune;1;1;78484;0,2178956;5
78838;78838;0,35;Rouge;3;1;78575;0,2178956;5
79113;79113;0,59;Bleu;1;1;78849;0,2178956;5
79176;79176;0,71;Rouge;3;1;78912;0,2178956;5
79497;79497;0,41;Bleu;1;1;79231;0,2178956;5
79558;79558;1,52;Jaune;3;1;79291;0,2178956;5
79609;79609;1,2;Bleu;1;1;79342;0,2178956;5
79758;79758;1;Bleu;2;1;79491;0,2178956;5
79775;79775;1,75;Jaune;1;1;79508;0,2178956;5
79999;79999;0,51;Jaune;1;1;79731;0,2178956;5
80250;80250;0,4;Bleu;3;1;79982;0,2178956;5
80309;80309;0,35;Bleu;3;1;80041;0,2178956;5
80364;80364;0,5;Bleu;2;1;80096;0,2178956;5
80380;80380;1,34;Jaune;1;1;80112;0,2178956;5
80604;80604;1,14;Bleu;2;1;80336;0,2178956;5
80637;80637;0,41;Bleu;2;1;80369;0,2178956;5
80744;80744;0,3;Bleu;2;1;80476;0,2178956;5
80923;80923;1,32;Rouge;1;1;80655;0,2178956;5
81050;81050;0,31;Rouge;3;1;80782;0,2178956;5
81235;81235;0,4;Bleu;2;1;80966;0,2178956;5
81618;81618;0,31;Rouge;3;1;81348;0,2178956;5
81646;81646;0,71;Rouge;2;1;81376;0,2178956;5
81854;81854;2,25;Jaune;1;1;81584;0,2178956;5
81861;81861;0,23;Jaune;2;1;81591;0,2178956;5
82128;82128;1,89;Bleu;2;1;81858;0,2178956;5
82356;82356;0,52;Bleu;2;1;82086;0,2178956;5
82469;82469;0,37;Rouge;3;1;82199;0,2178956;5
82497;82497;0,9;Rouge;2;1;82227;0,2178956;5
82557;82557;0,31;Rouge;1;1;82287;0,2178956;5
82650;82650;0,32;Jaune;3;1;82380;0,2178956;5
82781;82781;1,06;Bleu;1;1;82511;0,2178956;5
82827;82827;0,31;Jaune;1;1;82557;0,2178956;5
83409;83409;0,53;Bleu;1;1;83132;0,2178956;5
83441;83441;1,02;Jaune;1;1;83164;0,2178956;5
83922;83922;0,45;Bleu;2;1;83643;0,2178956;5
83934;83934;0,34;Bleu;2;1;83655;0,2178956;5
83983;83983;1,21;Bleu;3;1;83704;0,2178956;5
84218;84218;1,01;Jaune;1;1;83937;0,2178956;5
84310;84310;0,5;Rouge;3;1;84029;0,2178956;5
84330;84330;1,02;Bleu;2;1;84049;0,2178956;5
84780;84780;0,43;Rouge;1;1;84499;0,2178956;5
85133;85133;1,23;Jaune;3;1;84850;0,2178956;5
85250;85250;1,05;Rouge;1;1;84967;0,2178956;5
85437;85437;0,29;Rouge;3;1;85154;0,2178956;5
85542;85542;0,59;Bleu;3;1;85259;0,2178956;5
85784;85784;2;Jaune;1;1;85500;0,2178956;5
85923;85923;0,31;Jaune;2;1;85638;0,2178956;5
86238;86238;0,4;Bleu;1;1;85953;0,2178956;5
86254;86254;0,41;Bleu;1;1;85969;0,2178956;5
86265;86265;0,7;Bleu;3;1;85980;0,2178956;5
86298;86298;0,41;Rouge;1;1;86013;0,2178956;5
86738;86738;0,47;Jaune;1;1;86451;0,2178956;5
87232;87232;0,43;Rouge;1;1;86943;0,2178956;5
87388;87388;1;Bleu;3;1;87099;0,2178956;5
87399;87399;0,32;Jaune;2;1;87110;0,2178956;5
87406;87406;0,34;Jaune;1;1;87117;0,2178956;5
87662;87662;1;Rouge;1;1;87373;0,2178956;5
87781;87781;1,05;Jaune;3;1;87492;0,2178956;5
89077;89077;0,77;Bleu;1;1;88787;0,2178956;5
89394;89394;1,15;Bleu;2;1;89103;0,2178956;5
89467;89467;0,7;Jaune;1;1;89176;0,2178956;5
89482;89482;1;Jaune;1;1;89191;0,2178956;5
89722;89722;0,41;Jaune;1;1;89430;0,2178956;5
89792;89792;0,47;Bleu;1;1;89500;0,2178956;5
90172;90172;1,22;Rouge;3;1;89878;0,2178956;5
90772;90772;0,31;Rouge;2;1;90472;0,2178956;5
91046;91046;0,32;Bleu;2;1;90746;0,2178956;5
91150;91150;0,31;Rouge;2;1;90850;0,2178956;5
91318;91318;0,9;Rouge;1;1;91018;0,2178956;5
91326;91326;0,59;Jaune;1;1;91026;0,2178956;5
91370;91370;0,51;Bleu;3;1;91070;0,2178956;5
91528;91528;1,18;Rouge;2;1;91227;0,2178956;5
91703;91703;0,31;Rouge;3;1;91402;0,2178956;5
91796;91796;0,51;Rouge;2;1;91495;0,2178956;5
91800;91800;0,34;Bleu;3;1;91499;0,2178956;5
91810;91810;2,51;Jaune;2;1;91509;0,2178956;5
92233;92233;0,5;Jaune;3;1;91932;0,2178956;5
92360;92360;1,23;Bleu;2;1;92058;0,2178956;5
92582;92582;0,57;Rouge;1;1;92279;0,2178956;5
92752;92752;0,32;Rouge;2;1;92447;0,2178956;5
93148;93148;1,02;Rouge;1;1;92842;0,2178956;5
93786;93786;0,77;Bleu;3;1;93480;0,2178956;5
93906;93906;0,72;Bleu;3;1;93600;0,2178956;5
94045;94045;0,51;Bleu;2;1;93738;0,2178956;5
94097;94097;0,77;Rouge;2;1;93790;0,2178956;5
94119;94119;1,04;Jaune;1;1;93812;0,2178956;5
94350;94350;0,7;Bleu;3;1;94042;0,2178956;5
94505;94505;1,06;Bleu;2;1;94197;0,2178956;5
94575;94575;0,53;Bleu;3;1;94267;0,2178956;5
94840;94840;2,51;Bleu;3;1;94531;0,2178956;5
95129;95129;0,3;Bleu;1;1;94818;0,2178956;5
95189;95189;0,7;Bleu;1;1;94878;0,2178956;5
95267;95267;1,19;Bleu;2;1;94956;0,2178956;5
95396;95396;0,58;Bleu;2;1;95084;0,2178956;5
95460;95460;1,71;Bleu;2;1;95148;0,2178956;5
96488;96488;0,31;Rouge;2;1;96173;0,2178956;5
96517;96517;0,3;Jaune;2;1;96202;0,2178956;5
96628;96628;0,31;Jaune;3;1;96313;0,2178956;5
96800;96800;0,41;Jaune;1;1;96484;0,2178956;5
96915;96915;0,31;Rouge;1;1;96599;0,2178956;5
96942;96942;0,5;Rouge;2;1;96626;0,2178956;5
96961;96961;1,04;Bleu;1;1;96645;0,2178956;5
97186;97186;0,31;Bleu;1;1;96870;0,2178956;5
97674;97674;1,21;Rouge;3;1;97357;0,2178956;5
97683;97683;0,76;Jaune;1;1;97366;0,2178956;5
97749;97749;0,3;Bleu;1;1;97432;0,2178956;5
97880;97880;1,5;Rouge;2;1;97563;0,2178956;5
97893;97893;2,01;Rouge;3;1;97576;0,2178956;5
98053;98053;0,35;Rouge;2;1;97736;0,2178956;5
98225;98225;1,01;Rouge;2;1;97908;0,2178956;5
98482;98482;0,72;Jaune;1;1;98164;0,2178956;5
98515;98515;0,28;Bleu;3;1;98197;0,2178956;5
98755;98755;0,52;Bleu;2;1;98436;0,2178956;5
98757;98757;1,2;Rouge;3;1;98438;0,2178956;5
98961;98961;1,15;Rouge;2;1;98642;0,2178956;5
99246;99246;1,5;Rouge;2;1;98927;0,2178956;5
99383;99383;0,65;Bleu;1;1;99063;0,2178956;5
99408;99408;0,34;Bleu;3;1;99088;0,2178956;5
99560;99560;0,7;Bleu;3;1;99239;0,2178956;5
100182;100182;0,35;Bleu;2;1;99860;0,2178956;5
100307;100307;0,31;Bleu;3;1;99985;0,2178956;5
100502;100502;0,73;Rouge;3;1;100180;0,2178956;5
100576;100576;0,75;Rouge;1;1;100254;0,2178956;5
100859;100859;1,24;Jaune;1;1;100534;0,2178956;5
100867;100867;0,42;Bleu;3;1;100542;0,2178956;5
100903;100903;0,54;Jaune;2;1;100578;0,2178956;5
100986;100986;0,42;Jaune;2;1;100661;0,2178956;5
101177;101177;0,7;Bleu;1;1;100851;0,2178956;5
101225;101225;0,78;Rouge;1;1;100899;0,2178956;5
101385;101385;1,01;Jaune;1;1;101059;0,2178956;5
101642;101642;0,61;Bleu;2;1;101315;0,2178956;5
101808;101808;0,41;Jaune;3;1;101481;0,2178956;5
101834;101834;1,52;Jaune;1;1;101506;0,2178956;5
101870;101870;0,53;Rouge;1;1;101542;0,2178956;5
102358;102358;0,52;Rouge;1;1;102029;0,2178956;5
102428;102428;1,22;Bleu;1;1;102099;0,2178956;5
102647;102647;0,43;Jaune;2;1;102318;0,2178956;5
103147;103147;0,3;Jaune;1;1;102817;0,2178956;5
103179;103179;0,71;Bleu;1;1;102849;0,2178956;5
103505;103505;1,01;Bleu;1;1;103174;0,2178956;5
103771;103771;1,02;Bleu;2;1;103438;0,2178956;5
103865;103865;0,3;Bleu;2;1;103532;0,2178956;5
104092;104092;1,01;Jaune;3;1;103759;0,2178956;5
104118;104118;0,41;Bleu;2;1;103785;0,2178956;5
104551;104551;0,31;Rouge;1;1;104217;0,2178956;5
104659;104659;0,76;Bleu;2;1;104325;0,2178956;5
104726;104726;0,32;Jaune;3;1;104392;0,2178956;5
104786;104786;1,01;Rouge;3;1;104452;0,2178956;5
104817;104817;0,25;Bleu;3;1;104483;0,2178956;5
104860;104860;0,32;Bleu;1;1;104526;0,2178956;5
105044;105044;0,7;Rouge;3;1;104709;0,2178956;5
105126;105126;0,64;Jaune;3;1;104790;0,2178956;5
105131;105131;1,52;Jaune;1;1;104795;0,2178956;5
105149;105149;0,27;Bleu;3;1;104813;0,2178956;5
105349;105349;0,33;Rouge;2;1;105011;0,2178956;5
105436;105436;1,02;Bleu;2;1;105098;0,2178956;5
105464;105464;1,01;Rouge;2;1;105126;0,2178956;5
105514;105514;1,31;Bleu;3;1;105176;0,2178956;5
105638;105638;1;Bleu;1;1;105300;0,2178956;5
105881;105881;0,41;Bleu;1;1;105540;0,2178956;5
106052;106052;0,3;Rouge;1;1;105711;0,2178956;5
106062;106062;0,41;Bleu;3;1;105721;0,2178956;5
106194;106194;0,32;Bleu;2;1;105852;0,2178956;5
106320;106320;0,51;Rouge;2;1;105977;0,2178956;5
106350;106350;0,51;Rouge;1;1;106007;0,2178956;5
106641;106641;2,51;Rouge;3;1;106296;0,2178956;5
106763;106763;0,76;Jaune;3;1;106418;0,2178956;5
106920;106920;1,01;Bleu;2;1;106574;0,2178956;5
107031;107031;0,32;Rouge;3;1;106685;0,2178956;5
107155;107155;0,7;Rouge;1;1;106807;0,2178956;5
107353;107353;0,33;Bleu;1;1;107004;0,2178956;5
107514;107514;1,02;Rouge;2;1;107165;0,2178956;5
107532;107532;1,01;Rouge;1;1;107183;0,2178956;5
107578;107578;0,4;Bleu;1;1;107229;0,2178956;5
107598;107598;0,71;Rouge;1;1;107249;0,2178956;5
107673;107673;2,01;Jaune;1;1;107322;0,2178956;5
107711;107711;0,34;Bleu;1;1;107360;0,2178956;5
107890;107890;0,73;Bleu;1;1;107538;0,2178956;5
107900;107900;0,72;Bleu;3;1;107548;0,2178956;5
108093;108093;1,5;Jaune;3;1;107741;0,2178956;5
108451;108451;0,51;Rouge;2;1;108098;0,2178956;5
108572;108572;1,2;Bleu;1;1;108218;0,2178956;5
108590;108590;0,71;Rouge;1;1;108236;0,2178956;5
108846;108846;0,32;Rouge;2;1;108491;0,2178956;5
109154;109154;0,46;Rouge;1;1;108798;0,2178956;5
109163;109163;2,09;Bleu;1;1;108807;0,2178956;5
109298;109298;0,32;Rouge;3;1;108942;0,2178956;5
109320;109320;0,46;Jaune;2;1;108964;0,2178956;5
109417;109417;1,7;Bleu;1;1;109060;0,2178956;5
109743;109743;1,5;Jaune;1;1;109386;0,2178956;5
109912;109912;1,32;Bleu;1;1;109555;0,2178956;5
109947;109947;1;Bleu;2;1;109590;0,2178956;5
109990;109990;2,02;Bleu;1;1;109633;0,2178956;5
110111;110111;0,71;Rouge;2;1;109754;0,2178956;5
110263;110263;0,3;Bleu;3;1;109905;0,2178956;5
110763;110763;0,34;Rouge;2;1;110404;0,2178956;5
110808;110808;0,4;Bleu;1;1;110449;0,2178956;5
110814;110814;0,6;Rouge;1;1;110455;0,2178956;5
110818;110818;1,01;Bleu;2;1;110459;0,2178956;5
110871;110871;0,71;Rouge;3;1;110512;0,2178956;5
111138;111138;0,55;Rouge;3;1;110778;0,2178956;5
111404;111404;0,41;Bleu;1;1;111044;0,2178956;5
111483;111483;1,54;Jaune;3;1;111123;0,2178956;5
111615;111615;0,74;Bleu;2;1;111254;0,2178956;5
111731;111731;1,22;Bleu;2;1;111370;0,2178956;5
111735;111735;0,23;Bleu;3;1;111374;0,2178956;5
111934;111934;1,59;Jaune;1;1;111572;0,2178956;5
111984;111984;0,51;Jaune;1;1;111622;0,2178956;5
112128;112128;1,37;Rouge;3;1;111766;0,2178956;5
112220;112220;1,5;Rouge;1;1;111858;0,2178956;5
112303;112303;0,43;Rouge;2;1;111941;0,2178956;5
112467;112467;1,53;Bleu;1;1;112105;0,2178956;5
112862;112862;1,23;Bleu;3;1;112498;0,2178956;5
112903;112903;0,42;Rouge;2;1;112539;0,2178956;5
113201;113201;1,7;Rouge;1;1;112835;0,2178956;5
113314;113314;1,76;Rouge;2;1;112948;0,2178956;5
113479;113479;1,01;Rouge;1;1;113113;0,2178956;5
114091;114091;0,71;Rouge;1;1;113723;0,2178956;5
114131;114131;0,3;Rouge;1;1;113763;0,2178956;5
114239;114239;0,93;Bleu;1;1;113869;0,2178956;5
114304;114304;0,72;Jaune;3;1;113934;0,2178956;5
114515;114515;1,09;Bleu;3;1;114144;0,2178956;5
114648;114648;0,52;Bleu;3;1;114277;0,2178956;5
114868;114868;0,37;Jaune;2;1;114495;0,2178956;5
114993;114993;0,3;Rouge;2;1;114619;0,2178956;5
115037;115037;0,3;Rouge;2;1;114663;0,2178956;5
115104;115104;0,72;Rouge;1;1;114730;0,2178956;5
115210;115210;1;Bleu;1;1;114836;0,2178956;5
115236;115236;1,01;Jaune;2;1;114862;0,2178956;5
115558;115558;0,6;Rouge;3;1;115183;0,2178956;5
115563;115563;0,72;Rouge;1;1;115188;0,2178956;5
115733;115733;0,41;Jaune;1;1;115358;0,2178956;5
115743;115743;0,91;Rouge;2;1;115368;0,2178956;5
116022;116022;1,24;Bleu;1;1;115646;0,2178956;5
116043;116043;0,92;Rouge;1;1;115667;0,2178956;5
116232;116232;1,01;Rouge;3;1;115856;0,2178956;5
116404;116404;0,71;Jaune;3;1;116026;0,2178956;5
116697;116697;0,3;Jaune;3;1;116315;0,2178956;5
116842;116842;0,47;Rouge;3;1;116460;0,2178956;5
116943;116943;0,4;Jaune;1;1;116560;0,2178956;5
117028;117028;0,31;Bleu;1;1;116643;0,2178956;5
117135;117135;0,3;Jaune;1;1;116750;0,2178956;5
117661;117661;1,5;Bleu;3;1;117275;0,2178956;5
117852;117852;0,7;Rouge;1;1;117463;0,2178956;5
117915;117915;1,47;Rouge;2;1;117526;0,2178956;5
118005;118005;0,53;Jaune;3;1;117616;0,2178956;5
118255;118255;1,5;Rouge;1;1;117865;0,2178956;5
118456;118456;0,8;Jaune;2;1;118065;0,2178956;5
118542;118542;0,4;Rouge;1;1;118151;0,2178956;5
118559;118559;0,61;Jaune;2;1;118168;0,2178956;5
118726;118726;1,42;Rouge;1;1;118334;0,2178956;5
118760;118760;0,55;Rouge;1;1;118368;0,2178956;5
118797;118797;0,56;Bleu;2;1;118405;0,2178956;5
119175;119175;0,59;Rouge;2;1;118781;0,2178956;5
119431;119431;0,32;Rouge;3;1;119036;0,2178956;5
119450;119450;0,35;Jaune;1;1;119055;0,2178956;5
119626;119626;0,4;Bleu;1;1;119231;0,2178956;5
119645;119645;0,61;Jaune;3;1;119250;0,2178956;5
119672;119672;0,7;Jaune;2;1;119277;0,2178956;5
119763;119763;1,02;Bleu;3;1;119368;0,2178956;5
119843;119843;1,71;Jaune;2;1;119447;0,2178956;5
119899;119899;1,01;Rouge;1;1;119501;0,2178956;5
119920;119920;0,9;Bleu;1;1;119522;0,2178956;5
120234;120234;1,59;Jaune;1;1;119835;0,2178956;5
120331;120331;0,24;Bleu;2;1;119932;0,2178956;5
120576;120576;0,35;Rouge;3;1;120177;0,2178956;5
120676;120676;0,7;Bleu;1;1;120277;0,2178956;5
120820;120820;1,2;Rouge;2;1;120421;0,2178956;5
121001;121001;0,9;Bleu;2;1;120601;0,2178956;5
121030;121030;0,72;Bleu;1;1;120630;0,2178956;5
121054;121054;0,31;Bleu;1;1;120654;0,2178956;5
121271;121271;1,04;Bleu;1;1;120871;0,2178956;5
121272;121272;0,42;Jaune;2;1;120872;0,2178956;5
